-- MySQL dump 10.13  Distrib 8.0.17, for Linux (x86_64)
--
-- Host: localhost    Database: vue_permission
-- ------------------------------------------------------
-- Server version	8.0.17

/*!40101 SET @OLD_CHARACTER_SET_CLIENT=@@CHARACTER_SET_CLIENT */;
/*!40101 SET @OLD_CHARACTER_SET_RESULTS=@@CHARACTER_SET_RESULTS */;
/*!40101 SET @OLD_COLLATION_CONNECTION=@@COLLATION_CONNECTION */;
/*!50503 SET NAMES utf8mb4 */;
/*!40103 SET @OLD_TIME_ZONE=@@TIME_ZONE */;
/*!40103 SET TIME_ZONE='+00:00' */;
/*!40014 SET @OLD_UNIQUE_CHECKS=@@UNIQUE_CHECKS, UNIQUE_CHECKS=0 */;
/*!40014 SET @OLD_FOREIGN_KEY_CHECKS=@@FOREIGN_KEY_CHECKS, FOREIGN_KEY_CHECKS=0 */;
/*!40101 SET @OLD_SQL_MODE=@@SQL_MODE, SQL_MODE='NO_AUTO_VALUE_ON_ZERO' */;
/*!40111 SET @OLD_SQL_NOTES=@@SQL_NOTES, SQL_NOTES=0 */;

--
-- Table structure for table `biz_in_stock`
--

DROP TABLE IF EXISTS `biz_in_stock`;
/*!40101 SET @saved_cs_client     = @@character_set_client */;
/*!50503 SET character_set_client = utf8mb4 */;
CREATE TABLE `biz_in_stock` (
  `id` bigint(20) unsigned NOT NULL AUTO_INCREMENT,
  `in_num` varchar(36) DEFAULT NULL COMMENT '入库单编号',
  `type` int(2) DEFAULT NULL COMMENT '类型：1：捐赠，2：下拨，3：采购,4:退货入库',
  `operator` varchar(20) DEFAULT NULL COMMENT '操作人员',
  `create_time` datetime DEFAULT NULL COMMENT '入库单创建时间',
  `modified` datetime DEFAULT NULL COMMENT '入库单修改时间',
  `product_number` int(11) DEFAULT NULL COMMENT '物资总数',
  `supplier_id` bigint(20) DEFAULT NULL COMMENT '来源',
  `remark` varchar(100) DEFAULT NULL COMMENT '描述信息',
  PRIMARY KEY (`id`),
  KEY `operator_id` (`operator`),
  KEY `supplier_id` (`supplier_id`)
) ENGINE=InnoDB AUTO_INCREMENT=47 DEFAULT CHARSET=utf8;
/*!40101 SET character_set_client = @saved_cs_client */;

--
-- Dumping data for table `biz_in_stock`
--

LOCK TABLES `biz_in_stock` WRITE;
/*!40000 ALTER TABLE `biz_in_stock` DISABLE KEYS */;
INSERT INTO `biz_in_stock` VALUES (1,'KKK-201',1,'zhangyukang','2020-03-19 10:50:25','2020-03-19 10:50:27',11,1,NULL),(2,'BBB-305',2,'zhangyukang','2020-03-19 10:53:45','2020-03-19 10:53:47',12,4,NULL),(3,'CCC-562',3,'zhangyukang','2020-03-19 12:11:32','2020-03-19 12:11:33',12,4,NULL),(4,'E5BCA',1,'zhangyukang','2020-03-20 07:37:39','2020-03-20 07:37:39',8,1,'法师打发士大夫'),(5,'DF36D0D4-5',3,'zhangyukang','2020-03-20 07:55:33','2020-03-20 07:55:33',15,7,'2323232323'),(6,'B55CD698-9',3,'zhangyukang','2020-03-20 07:56:18','2020-03-20 07:56:18',15,7,'2323232323'),(7,'9dd6ff01-932d-4b',1,'zhangyukang','2020-03-20 08:00:32','2020-03-20 08:00:32',9,8,'测试入库'),(8,'d216ee7a-e8d0-4c',1,'zhangyukang','2020-03-20 08:00:59','2020-03-20 08:00:59',5,5,'55555'),(9,'ecfcab49-d108-4eeb-9df2-cc2a44bd',1,'zhangyukang','2020-03-20 08:03:42','2020-03-20 08:03:42',5,7,'3453453535'),(10,'0d120918-5c08-4511-aa47-843ca5c6',2,'zhangyukang','2020-03-20 08:05:28','2020-03-20 08:05:28',9,9,'45756748'),(11,'f8c0d798-933a-4876-a339-20761284',3,'zhangyukang','2020-03-20 08:06:41','2020-03-20 08:06:41',1,5,'采购的一个防毒面具'),(12,'957802ca-1b09-4048-9e47-0781c048',1,'zhangyukang','2020-03-20 08:07:48','2020-03-20 08:07:48',30,1,'30件物品'),(13,'2ced54fe-415c-47b7-821a-0a251d0d',4,'zhangyukang','2020-03-20 08:12:06','2020-03-20 08:12:06',4,8,'444'),(14,'53f632a9-d2e9-45ae-8caf-d98608d4',1,'zhangyukang','2020-03-20 08:16:58','2020-03-20 08:16:58',10,5,'洗发水挺好用的'),(15,'c35d01ae-2e7d-4285-a134-55217686',4,'zhangyukang','2020-03-20 08:18:01','2020-03-20 08:18:01',8,1,'test'),(16,'0c3d18c9-203a-4731-a758-9563a383',2,'zhangyukang','2020-03-20 08:37:45','2020-03-20 08:37:45',2,5,'3333'),(17,'b6d8b87d-e0f9-4af2-a5bb-e195c999',4,'zhangyukang','2020-03-20 08:40:03','2020-03-20 08:40:03',17,9,'33333'),(18,'3e89907b-6bc4-46c6-86e4-90fb6d46',3,'zhangyukang','2020-03-20 08:41:50','2020-03-20 08:41:50',9,4,'2342342342'),(19,'d30b3566-f7c6-4592-9301-b6443a32',2,'zhangyukang','2020-03-20 08:47:16','2020-03-20 08:47:16',10,4,'2553252345'),(20,'acd8b07c-4310-4da6-be77-f1efd76e',1,'zhangyukang','2020-03-20 09:16:42','2020-03-20 09:16:42',15,4,'test'),(21,'75cd88eb-60ae-4a85-88e4-f9413748',2,'zhangyukang','2020-03-20 09:22:50','2020-03-20 09:22:50',7,4,'testaset'),(22,'e58911ee-ec44-4abb-aaae-b432b4ae',2,'zhangyukang','2020-03-20 09:32:51','2020-03-20 09:32:51',14,7,'789707070'),(23,'756c9a81-9dc8-4932-afe2-18bd81e1',1,'zhangyukang','2020-03-20 10:32:18','2020-03-20 10:32:18',5,4,'1111'),(24,'c3b683d7-1347-4d95-8f67-bde98b7f',1,'zhangyukang','2020-03-20 10:40:09','2020-03-20 10:40:09',1,1,'542535'),(25,'c41ed6bf-440f-471b-9c71-2a851c84',1,'zhangyukang','2020-03-20 11:56:24','2020-03-20 11:56:24',10,4,'fdsafda'),(26,'8e658026-8a4a-42a2-ab81-8a0d9081',1,'系统测试人员','2020-03-21 02:31:04','2020-03-21 02:31:04',4,5,'21421414'),(27,'ecc6ed52-5ed5-4bbd-8bb7-c0780606',1,'zhangyukang','2020-03-21 11:50:02','2020-03-21 11:50:02',5,5,'5个n95'),(28,'2a006692-ce41-41d8-a28d-9a7602c5',4,'zhangyukang','2020-03-21 11:50:35','2020-03-21 11:50:35',2,5,'3424'),(29,'bb048c0c-74b5-4c14-a7e8-14b8ebed',2,'zhangyukang','2020-03-21 11:52:43','2020-03-21 11:52:43',2,8,'2未4成'),(30,'17d8d2bd-489e-4304-8108-a8f3635c',3,'zhangyukang','2020-03-21 11:55:19','2020-03-21 11:55:19',2,6,'234'),(31,'e188a309-206a-4f19-ad5d-0d499c80',1,'zhangyukang','2020-03-21 11:55:47','2020-03-21 11:55:47',5,7,'11111'),(32,'f988e089-fa32-486a-b456-9fbba1b7',1,'zhangyukang','2020-03-21 12:05:15','2020-03-21 12:05:15',4,8,'44444'),(33,'91d8468e-0607-48c3-893d-eb3d8f81',3,'zhangyukang','2020-03-21 12:15:20','2020-03-21 12:15:20',5,6,'5包辣条'),(34,'4bb28ada-8270-4848-9e19-bfff7aaa',1,'zhangyukang','2020-03-21 12:18:27','2020-03-21 12:18:27',2,1,'243424'),(35,'8dc2adcc-ddb3-4561-8889-3f75d961',1,'zhangyukang','2020-03-21 12:21:11','2020-03-21 12:21:11',3,8,'423424'),(36,'844afeba-0b83-4985-b0cc-dc757eb7',2,'zhangyukang','2020-03-21 12:24:22','2020-03-21 12:24:22',8,5,'10'),(37,'83c61be5-429a-4312-b0bd-4c5f9226',1,'系统测试人员','2020-03-22 02:27:24','2020-03-22 02:27:24',1,5,'10'),(38,'9aac6f33-fcbd-4059-bf39-d1a9a523',4,'zhangyukang','2020-03-22 04:00:26','2020-03-22 04:00:26',12,1,'11111'),(39,'2a16ffd1-d122-4219-81dc-b6ec0a40',4,'系统测试人员','2020-03-22 22:47:11','2020-03-22 22:47:11',5,12,'帅哥借用n95'),(40,'3c60fe00-2c33-4e10-b59a-18c7d64c',1,'系统测试人员','2020-03-22 22:48:12','2020-03-22 22:48:12',17,12,'test'),(41,'8027dc1c-54fa-4fdd-9f96-7bc863e2',3,'zhangyukang','2020-03-24 10:00:10','2020-03-24 10:00:10',4,11,'23413'),(42,'510fa470-cc85-4c51-819a-b8d8382e',4,'9c07a0','2020-03-24 10:25:57','2020-03-24 10:25:57',1,8,'111'),(43,'31ab0c9b-ec06-4aeb-a08d-0cc4dee0',2,'zhangyukang','2020-03-24 10:29:05','2020-03-24 10:29:05',3,12,'222'),(44,'89f79a5e-2e0d-431b-898d-db629984',3,'zhangyukang','2020-03-25 11:10:18','2020-03-25 11:10:18',1,12,'买件衣服'),(45,'0f2612c0-0b96-44d3-9e62-6f0b756e',2,'zhangyukang','2020-03-25 11:21:11','2020-03-25 11:21:11',15,7,'新货入库'),(46,'6c1c32c9-a0af-4f9a-8361-1cb304d6',1,'系统测试人员','2020-03-25 11:22:52','2020-03-25 11:22:52',10,12,'66');
/*!40000 ALTER TABLE `biz_in_stock` ENABLE KEYS */;
UNLOCK TABLES;

--
-- Table structure for table `biz_in_stock_info`
--

DROP TABLE IF EXISTS `biz_in_stock_info`;
/*!40101 SET @saved_cs_client     = @@character_set_client */;
/*!50503 SET character_set_client = utf8mb4 */;
CREATE TABLE `biz_in_stock_info` (
  `id` bigint(20) NOT NULL AUTO_INCREMENT,
  `in_num` varchar(36) DEFAULT NULL COMMENT '入库单编号',
  `p_num` varchar(36) DEFAULT NULL COMMENT '商品编号',
  `product_number` int(11) DEFAULT NULL COMMENT '数量',
  `create_time` datetime DEFAULT NULL,
  `modified_time` datetime DEFAULT NULL,
  PRIMARY KEY (`id`)
) ENGINE=InnoDB AUTO_INCREMENT=130 DEFAULT CHARSET=utf8;
/*!40101 SET character_set_client = @saved_cs_client */;

--
-- Dumping data for table `biz_in_stock_info`
--

LOCK TABLES `biz_in_stock_info` WRITE;
/*!40000 ALTER TABLE `biz_in_stock_info` DISABLE KEYS */;
INSERT INTO `biz_in_stock_info` VALUES (1,'DF36D0D4-5','6976D3B4-A',2,'2020-03-20 07:55:34','2020-03-20 07:55:34'),(2,'DF36D0D4-5','2C15F1B6-1',5,'2020-03-20 07:55:35','2020-03-20 07:55:35'),(3,'DF36D0D4-5','3DFC8EA0-6',8,'2020-03-20 07:55:35','2020-03-20 07:55:35'),(4,'B55CD698-9','6976D3B4-A',2,'2020-03-20 07:56:18','2020-03-20 07:56:18'),(5,'B55CD698-9','2C15F1B6-1',5,'2020-03-20 07:56:18','2020-03-20 07:56:18'),(6,'B55CD698-9','3DFC8EA0-6',8,'2020-03-20 07:56:18','2020-03-20 07:56:18'),(7,'9dd6ff01-932d-4b','3DFC8EA0-6',2,'2020-03-20 08:00:32','2020-03-20 08:00:32'),(8,'9dd6ff01-932d-4b','2C15F1B6-1',1,'2020-03-20 08:00:32','2020-03-20 08:00:32'),(9,'9dd6ff01-932d-4b','6976D3B4-A',2,'2020-03-20 08:00:32','2020-03-20 08:00:32'),(10,'9dd6ff01-932d-4b','AB0E206E-A',4,'2020-03-20 08:00:32','2020-03-20 08:00:32'),(11,'d216ee7a-e8d0-4c','3DFC8EA0-6',1,'2020-03-20 08:00:59','2020-03-20 08:00:59'),(12,'d216ee7a-e8d0-4c','2C15F1B6-1',1,'2020-03-20 08:00:59','2020-03-20 08:00:59'),(13,'d216ee7a-e8d0-4c','6976D3B4-A',1,'2020-03-20 08:00:59','2020-03-20 08:00:59'),(14,'d216ee7a-e8d0-4c','52A0F5B9-5',1,'2020-03-20 08:00:59','2020-03-20 08:00:59'),(15,'d216ee7a-e8d0-4c','967CE098-3',1,'2020-03-20 08:00:59','2020-03-20 08:00:59'),(16,'ecfcab49-d108-4eeb-9df2-cc2a44bd','3DFC8EA0-6',2,'2020-03-20 08:03:42','2020-03-20 08:03:42'),(17,'ecfcab49-d108-4eeb-9df2-cc2a44bd','2C15F1B6-1',3,'2020-03-20 08:03:42','2020-03-20 08:03:42'),(18,'0d120918-5c08-4511-aa47-843ca5c6','3DFC8EA0-6',5,'2020-03-20 08:05:28','2020-03-20 08:05:28'),(19,'0d120918-5c08-4511-aa47-843ca5c6','2C15F1B6-1',4,'2020-03-20 08:05:28','2020-03-20 08:05:28'),(20,'f8c0d798-933a-4876-a339-20761284','2C15F1B6-1',1,'2020-03-20 08:06:41','2020-03-20 08:06:41'),(21,'957802ca-1b09-4048-9e47-0781c048','6EF5F2C0-9',10,'2020-03-20 08:07:48','2020-03-20 08:07:48'),(22,'957802ca-1b09-4048-9e47-0781c048','AB0E206E-A',10,'2020-03-20 08:07:48','2020-03-20 08:07:48'),(23,'957802ca-1b09-4048-9e47-0781c048','6AF405A1-C',10,'2020-03-20 08:07:48','2020-03-20 08:07:48'),(24,'2ced54fe-415c-47b7-821a-0a251d0d','3DFC8EA0-6',4,'2020-03-20 08:12:06','2020-03-20 08:12:06'),(25,'53f632a9-d2e9-45ae-8caf-d98608d4','894b8218-36ee-4a0d-9ad1-d9c5e455',10,'2020-03-20 08:16:58','2020-03-20 08:16:58'),(26,'c35d01ae-2e7d-4285-a134-55217686','3DFC8EA0-6',1,'2020-03-20 08:18:01','2020-03-20 08:18:01'),(27,'c35d01ae-2e7d-4285-a134-55217686','2C15F1B6-1',1,'2020-03-20 08:18:02','2020-03-20 08:18:02'),(28,'c35d01ae-2e7d-4285-a134-55217686','6976D3B4-A',1,'2020-03-20 08:18:02','2020-03-20 08:18:02'),(29,'c35d01ae-2e7d-4285-a134-55217686','52A0F5B9-5',1,'2020-03-20 08:18:02','2020-03-20 08:18:02'),(30,'c35d01ae-2e7d-4285-a134-55217686','967CE098-3',1,'2020-03-20 08:18:02','2020-03-20 08:18:02'),(31,'c35d01ae-2e7d-4285-a134-55217686','6EF5F2C0-9',1,'2020-03-20 08:18:02','2020-03-20 08:18:02'),(32,'c35d01ae-2e7d-4285-a134-55217686','AB0E206E-A',1,'2020-03-20 08:18:02','2020-03-20 08:18:02'),(33,'c35d01ae-2e7d-4285-a134-55217686','6AF405A1-C',1,'2020-03-20 08:18:02','2020-03-20 08:18:02'),(34,'0c3d18c9-203a-4731-a758-9563a383','3DFC8EA0-6',1,'2020-03-20 08:37:45','2020-03-20 08:37:45'),(35,'0c3d18c9-203a-4731-a758-9563a383','2C15F1B6-1',1,'2020-03-20 08:37:45','2020-03-20 08:37:45'),(36,'b6d8b87d-e0f9-4af2-a5bb-e195c999','3DFC8EA0-6',3,'2020-03-20 08:40:03','2020-03-20 08:40:03'),(37,'b6d8b87d-e0f9-4af2-a5bb-e195c999','2C15F1B6-1',2,'2020-03-20 08:40:03','2020-03-20 08:40:03'),(38,'b6d8b87d-e0f9-4af2-a5bb-e195c999','6976D3B4-A',2,'2020-03-20 08:40:03','2020-03-20 08:40:03'),(39,'b6d8b87d-e0f9-4af2-a5bb-e195c999','52A0F5B9-5',4,'2020-03-20 08:40:03','2020-03-20 08:40:03'),(40,'b6d8b87d-e0f9-4af2-a5bb-e195c999','967CE098-3',6,'2020-03-20 08:40:03','2020-03-20 08:40:03'),(41,'3e89907b-6bc4-46c6-86e4-90fb6d46','3DFC8EA0-6',3,'2020-03-20 08:41:50','2020-03-20 08:41:50'),(42,'3e89907b-6bc4-46c6-86e4-90fb6d46','2C15F1B6-1',2,'2020-03-20 08:41:50','2020-03-20 08:41:50'),(43,'3e89907b-6bc4-46c6-86e4-90fb6d46','6976D3B4-A',4,'2020-03-20 08:41:50','2020-03-20 08:41:50'),(44,'d30b3566-f7c6-4592-9301-b6443a32','3DFC8EA0-6',1,'2020-03-20 08:47:16','2020-03-20 08:47:16'),(45,'d30b3566-f7c6-4592-9301-b6443a32','2C15F1B6-1',4,'2020-03-20 08:47:16','2020-03-20 08:47:16'),(46,'d30b3566-f7c6-4592-9301-b6443a32','6976D3B4-A',5,'2020-03-20 08:47:16','2020-03-20 08:47:16'),(47,'acd8b07c-4310-4da6-be77-f1efd76e','3DFC8EA0-6',1,'2020-03-20 09:16:42','2020-03-20 09:16:42'),(48,'acd8b07c-4310-4da6-be77-f1efd76e','2C15F1B6-1',2,'2020-03-20 09:16:42','2020-03-20 09:16:42'),(49,'acd8b07c-4310-4da6-be77-f1efd76e','6976D3B4-A',2,'2020-03-20 09:16:42','2020-03-20 09:16:42'),(50,'acd8b07c-4310-4da6-be77-f1efd76e','52A0F5B9-5',2,'2020-03-20 09:16:42','2020-03-20 09:16:42'),(51,'acd8b07c-4310-4da6-be77-f1efd76e','967CE098-3',2,'2020-03-20 09:16:42','2020-03-20 09:16:42'),(52,'acd8b07c-4310-4da6-be77-f1efd76e','6EF5F2C0-9',1,'2020-03-20 09:16:42','2020-03-20 09:16:42'),(53,'acd8b07c-4310-4da6-be77-f1efd76e','AB0E206E-A',2,'2020-03-20 09:16:42','2020-03-20 09:16:42'),(54,'acd8b07c-4310-4da6-be77-f1efd76e','6AF405A1-C',1,'2020-03-20 09:16:42','2020-03-20 09:16:42'),(55,'acd8b07c-4310-4da6-be77-f1efd76e','894b8218-36ee-4a0d-9ad1-d9c5e455',2,'2020-03-20 09:16:42','2020-03-20 09:16:42'),(56,'75cd88eb-60ae-4a85-88e4-f9413748','3DFC8EA0-6',1,'2020-03-20 09:22:50','2020-03-20 09:22:50'),(57,'75cd88eb-60ae-4a85-88e4-f9413748','2C15F1B6-1',1,'2020-03-20 09:22:50','2020-03-20 09:22:50'),(58,'75cd88eb-60ae-4a85-88e4-f9413748','6976D3B4-A',1,'2020-03-20 09:22:50','2020-03-20 09:22:50'),(59,'75cd88eb-60ae-4a85-88e4-f9413748','52A0F5B9-5',1,'2020-03-20 09:22:50','2020-03-20 09:22:50'),(60,'75cd88eb-60ae-4a85-88e4-f9413748','967CE098-3',1,'2020-03-20 09:22:50','2020-03-20 09:22:50'),(61,'75cd88eb-60ae-4a85-88e4-f9413748','AB0E206E-A',1,'2020-03-20 09:22:50','2020-03-20 09:22:50'),(62,'75cd88eb-60ae-4a85-88e4-f9413748','6AF405A1-C',1,'2020-03-20 09:22:50','2020-03-20 09:22:50'),(63,'e58911ee-ec44-4abb-aaae-b432b4ae','3DFC8EA0-6',2,'2020-03-20 09:32:51','2020-03-20 09:32:51'),(64,'e58911ee-ec44-4abb-aaae-b432b4ae','2C15F1B6-1',5,'2020-03-20 09:32:51','2020-03-20 09:32:51'),(65,'e58911ee-ec44-4abb-aaae-b432b4ae','6976D3B4-A',3,'2020-03-20 09:32:51','2020-03-20 09:32:51'),(66,'e58911ee-ec44-4abb-aaae-b432b4ae','52A0F5B9-5',2,'2020-03-20 09:32:51','2020-03-20 09:32:51'),(67,'e58911ee-ec44-4abb-aaae-b432b4ae','967CE098-3',2,'2020-03-20 09:32:51','2020-03-20 09:32:51'),(68,'756c9a81-9dc8-4932-afe2-18bd81e1','3DFC8EA0-6',1,'2020-03-20 10:32:18','2020-03-20 10:32:18'),(69,'756c9a81-9dc8-4932-afe2-18bd81e1','2C15F1B6-1',1,'2020-03-20 10:32:18','2020-03-20 10:32:18'),(70,'756c9a81-9dc8-4932-afe2-18bd81e1','6976D3B4-A',1,'2020-03-20 10:32:18','2020-03-20 10:32:18'),(71,'756c9a81-9dc8-4932-afe2-18bd81e1','52A0F5B9-5',1,'2020-03-20 10:32:18','2020-03-20 10:32:18'),(72,'756c9a81-9dc8-4932-afe2-18bd81e1','967CE098-3',1,'2020-03-20 10:32:18','2020-03-20 10:32:18'),(73,'c3b683d7-1347-4d95-8f67-bde98b7f','3DFC8EA0-6',1,'2020-03-20 10:40:09','2020-03-20 10:40:09'),(74,'c41ed6bf-440f-471b-9c71-2a851c84','3DFC8EA0-6',2,'2020-03-20 11:56:24','2020-03-20 11:56:24'),(75,'c41ed6bf-440f-471b-9c71-2a851c84','2C15F1B6-1',2,'2020-03-20 11:56:24','2020-03-20 11:56:24'),(76,'c41ed6bf-440f-471b-9c71-2a851c84','6976D3B4-A',2,'2020-03-20 11:56:24','2020-03-20 11:56:24'),(77,'c41ed6bf-440f-471b-9c71-2a851c84','52A0F5B9-5',2,'2020-03-20 11:56:24','2020-03-20 11:56:24'),(78,'c41ed6bf-440f-471b-9c71-2a851c84','967CE098-3',2,'2020-03-20 11:56:24','2020-03-20 11:56:24'),(79,'8e658026-8a4a-42a2-ab81-8a0d9081','3DFC8EA0-6',1,'2020-03-21 02:31:04','2020-03-21 02:31:04'),(80,'8e658026-8a4a-42a2-ab81-8a0d9081','2C15F1B6-1',1,'2020-03-21 02:31:05','2020-03-21 02:31:05'),(81,'8e658026-8a4a-42a2-ab81-8a0d9081','52A0F5B9-5',1,'2020-03-21 02:31:05','2020-03-21 02:31:05'),(82,'8e658026-8a4a-42a2-ab81-8a0d9081','AB0E206E-A',1,'2020-03-21 02:31:05','2020-03-21 02:31:05'),(85,'ecc6ed52-5ed5-4bbd-8bb7-c0780606','3DFC8EA0-6',5,'2020-03-21 11:50:03','2020-03-21 11:50:03'),(86,'2a006692-ce41-41d8-a28d-9a7602c5','3DFC8EA0-6',2,'2020-03-21 11:50:36','2020-03-21 11:50:36'),(87,'bb048c0c-74b5-4c14-a7e8-14b8ebed','3DFC8EA0-6',2,'2020-03-21 11:52:43','2020-03-21 11:52:43'),(88,'17d8d2bd-489e-4304-8108-a8f3635c','3DFC8EA0-6',2,'2020-03-21 11:55:19','2020-03-21 11:55:19'),(89,'e188a309-206a-4f19-ad5d-0d499c80','3DFC8EA0-6',1,'2020-03-21 11:55:47','2020-03-21 11:55:47'),(90,'e188a309-206a-4f19-ad5d-0d499c80','2C15F1B6-1',1,'2020-03-21 11:55:47','2020-03-21 11:55:47'),(91,'e188a309-206a-4f19-ad5d-0d499c80','6976D3B4-A',1,'2020-03-21 11:55:47','2020-03-21 11:55:47'),(92,'e188a309-206a-4f19-ad5d-0d499c80','52A0F5B9-5',1,'2020-03-21 11:55:47','2020-03-21 11:55:47'),(93,'e188a309-206a-4f19-ad5d-0d499c80','967CE098-3',1,'2020-03-21 11:55:47','2020-03-21 11:55:47'),(94,'f988e089-fa32-486a-b456-9fbba1b7','894b8218-36ee-4a0d-9ad1-d9c5e455',4,'2020-03-21 12:05:15','2020-03-21 12:05:15'),(95,'91d8468e-0607-48c3-893d-eb3d8f81','0b9e9176-f996-4384-bb6c-209f55d0',5,'2020-03-21 12:15:20','2020-03-21 12:15:20'),(96,'4bb28ada-8270-4848-9e19-bfff7aaa','2C15F1B6-1',1,'2020-03-21 12:18:27','2020-03-21 12:18:27'),(97,'4bb28ada-8270-4848-9e19-bfff7aaa','6976D3B4-A',1,'2020-03-21 12:18:29','2020-03-21 12:18:29'),(98,'8dc2adcc-ddb3-4561-8889-3f75d961','0b9e9176-f996-4384-bb6c-209f55d0',1,'2020-03-21 12:21:11','2020-03-21 12:21:11'),(99,'8dc2adcc-ddb3-4561-8889-3f75d961','AB0E206E-A',1,'2020-03-21 12:21:11','2020-03-21 12:21:11'),(100,'8dc2adcc-ddb3-4561-8889-3f75d961','6AF405A1-C',1,'2020-03-21 12:21:11','2020-03-21 12:21:11'),(101,'844afeba-0b83-4985-b0cc-dc757eb7','3DFC8EA0-6',1,'2020-03-21 12:24:22','2020-03-21 12:24:22'),(102,'844afeba-0b83-4985-b0cc-dc757eb7','2C15F1B6-1',1,'2020-03-21 12:24:23','2020-03-21 12:24:23'),(103,'844afeba-0b83-4985-b0cc-dc757eb7','52A0F5B9-5',1,'2020-03-21 12:24:23','2020-03-21 12:24:23'),(104,'844afeba-0b83-4985-b0cc-dc757eb7','6AF405A1-C',1,'2020-03-21 12:24:23','2020-03-21 12:24:23'),(105,'844afeba-0b83-4985-b0cc-dc757eb7','0b9e9176-f996-4384-bb6c-209f55d0',1,'2020-03-21 12:24:23','2020-03-21 12:24:23'),(106,'844afeba-0b83-4985-b0cc-dc757eb7','AB0E206E-A',1,'2020-03-21 12:24:23','2020-03-21 12:24:23'),(107,'844afeba-0b83-4985-b0cc-dc757eb7','6EF5F2C0-9',1,'2020-03-21 12:24:23','2020-03-21 12:24:23'),(108,'844afeba-0b83-4985-b0cc-dc757eb7','894b8218-36ee-4a0d-9ad1-d9c5e455',1,'2020-03-21 12:24:23','2020-03-21 12:24:23'),(109,'83c61be5-429a-4312-b0bd-4c5f9226','3DFC8EA0-6',1,'2020-03-22 02:27:24','2020-03-22 02:27:24'),(110,'9aac6f33-fcbd-4059-bf39-d1a9a523','3DFC8EA0-6',4,'2020-03-22 04:00:26','2020-03-22 04:00:26'),(111,'9aac6f33-fcbd-4059-bf39-d1a9a523','0b9e9176-f996-4384-bb6c-209f55d0',3,'2020-03-22 04:00:26','2020-03-22 04:00:26'),(112,'9aac6f33-fcbd-4059-bf39-d1a9a523','6AF405A1-C',5,'2020-03-22 04:00:26','2020-03-22 04:00:26'),(113,'2a16ffd1-d122-4219-81dc-b6ec0a40','3DFC8EA0-6',5,'2020-03-22 22:47:11','2020-03-22 22:47:11'),(114,'3c60fe00-2c33-4e10-b59a-18c7d64c','c98183c8-bc47-4505-abbb-1dc219b5',9,'2020-03-22 22:48:12','2020-03-22 22:48:12'),(115,'3c60fe00-2c33-4e10-b59a-18c7d64c','24573d5b-0c9b-403b-9a88-c214702e',4,'2020-03-22 22:48:12','2020-03-22 22:48:12'),(116,'3c60fe00-2c33-4e10-b59a-18c7d64c','0b9e9176-f996-4384-bb6c-209f55d0',1,'2020-03-22 22:48:12','2020-03-22 22:48:12'),(117,'3c60fe00-2c33-4e10-b59a-18c7d64c','894b8218-36ee-4a0d-9ad1-d9c5e455',3,'2020-03-22 22:48:12','2020-03-22 22:48:12'),(118,'8027dc1c-54fa-4fdd-9f96-7bc863e2','0b9e9176-f996-4384-bb6c-209f55d0',3,'2020-03-24 10:00:10','2020-03-24 10:00:10'),(119,'8027dc1c-54fa-4fdd-9f96-7bc863e2','894b8218-36ee-4a0d-9ad1-d9c5e455',1,'2020-03-24 10:00:10','2020-03-24 10:00:10'),(120,'510fa470-cc85-4c51-819a-b8d8382e','3DFC8EA0-6',1,'2020-03-24 10:25:57','2020-03-24 10:25:57'),(121,'31ab0c9b-ec06-4aeb-a08d-0cc4dee0','0b9e9176-f996-4384-bb6c-209f55d0',1,'2020-03-24 10:29:05','2020-03-24 10:29:05'),(122,'31ab0c9b-ec06-4aeb-a08d-0cc4dee0','6AF405A1-C',1,'2020-03-24 10:29:05','2020-03-24 10:29:05'),(123,'31ab0c9b-ec06-4aeb-a08d-0cc4dee0','967CE098-3',1,'2020-03-24 10:29:05','2020-03-24 10:29:05'),(124,'89f79a5e-2e0d-431b-898d-db629984','beb944c4-01ae-497b-bfdd-2132032f',1,'2020-03-25 11:10:18','2020-03-25 11:10:18'),(125,'0f2612c0-0b96-44d3-9e62-6f0b756e','c49aecca-12ec-4263-834a-f5a01d46',5,'2020-03-25 11:21:11','2020-03-25 11:21:11'),(126,'0f2612c0-0b96-44d3-9e62-6f0b756e','cf5a5f37-b299-4d96-bcb2-c4a46737',4,'2020-03-25 11:21:11','2020-03-25 11:21:11'),(127,'0f2612c0-0b96-44d3-9e62-6f0b756e','0e17f606-9aaa-48a7-b4e9-ef18462e',3,'2020-03-25 11:21:11','2020-03-25 11:21:11'),(128,'0f2612c0-0b96-44d3-9e62-6f0b756e','de16b9e6-bb49-4547-ab91-db7ae7b6',3,'2020-03-25 11:21:11','2020-03-25 11:21:11'),(129,'6c1c32c9-a0af-4f9a-8361-1cb304d6','3DFC8EA0-6',10,'2020-03-25 11:22:52','2020-03-25 11:22:52');
/*!40000 ALTER TABLE `biz_in_stock_info` ENABLE KEYS */;
UNLOCK TABLES;

--
-- Table structure for table `biz_product`
--

DROP TABLE IF EXISTS `biz_product`;
/*!40101 SET @saved_cs_client     = @@character_set_client */;
/*!50503 SET character_set_client = utf8mb4 */;
CREATE TABLE `biz_product` (
  `id` bigint(20) NOT NULL AUTO_INCREMENT,
  `p_num` varchar(255) DEFAULT NULL COMMENT '商品编号',
  `name` varchar(255) DEFAULT NULL COMMENT '商品名称',
  `image_url` text COMMENT '图片',
  `model` varchar(100) DEFAULT NULL COMMENT '规格型号',
  `unit` varchar(10) DEFAULT NULL COMMENT '计算单位',
  `remark` varchar(100) DEFAULT NULL COMMENT '备注',
  `sort` int(11) DEFAULT NULL COMMENT '排序',
  `create_time` datetime DEFAULT NULL COMMENT '创建时间',
  `modified_time` datetime DEFAULT NULL COMMENT '修改时间',
  `one_category_id` bigint(20) DEFAULT NULL COMMENT '1级分类',
  `two_category_id` bigint(20) DEFAULT NULL COMMENT '2级分类',
  `three_category_id` bigint(20) DEFAULT NULL COMMENT '3级分类',
  KEY `id` (`id`),
  KEY `category_id` (`one_category_id`),
  KEY `two_category_id` (`two_category_id`),
  KEY `three_category_id` (`three_category_id`)
) ENGINE=InnoDB AUTO_INCREMENT=41 DEFAULT CHARSET=utf8;
/*!40101 SET character_set_client = @saved_cs_client */;

--
-- Dumping data for table `biz_product`
--

LOCK TABLES `biz_product` WRITE;
/*!40000 ALTER TABLE `biz_product` DISABLE KEYS */;
INSERT INTO `biz_product` VALUES (17,'3DFC8EA0-6','N95口罩','group1/M00/00/00/rBofMl5yGl2AR3rCAAArOxrzeKs522.jpg','10个/包','包','救命的口罩',1,'2020-03-18 00:00:00','2020-03-22 22:55:57',20,23,25),(18,'6EF5F2C0-9','普通医用口罩','group1/M00/00/00/rBofMl5yCTGAC-nZAAA5bqFUaK8834.jpg','5个/包','包','医用口罩也不错哦',3,'2020-03-18 00:00:00','2020-03-18 12:52:49',20,23,25),(19,'6976D3B4-A','普通温度计','group1/M00/00/00/rBofMl56zoiAJQ2HAAAhQYzsgJk572.jpg','10只/盒','盒','温度计',2,'2020-03-18 00:00:00','2020-03-25 11:22:49',20,21,38),(20,'AB0E206E-A','生理盐水','group1/M00/00/00/rBofMl5yCqmAZi_8AABSkMEsmEI099.jpg','500ml','瓶','生理盐水',3,'2020-03-18 00:00:00','2020-03-18 12:53:06',20,43,44),(21,'52A0F5B9-5','维生素葡萄糖','group1/M00/00/00/rBofMl56zmeAHjr4AACIeMDiX_A970.jpg','100ml','瓶','葡萄糖',2,'2020-03-18 00:00:00','2020-03-25 11:22:17',20,43,44),(22,'967CE098-3','小型救护车','group1/M00/00/00/rBofMl5yF2iAWR7iAABOJPxrrMQ785.jpg','1吨','俩','车车',2,'2020-03-18 00:00:00','2020-03-22 23:15:32',33,34,35),(23,'6AF405A1-C','东北大米','group1/M00/00/00/rBofMl5yDA-AQd0QAAAKYAyjupw156.png','1斤/袋','袋','老鼠爱大米',4,'2020-03-18 11:55:44','2020-03-18 11:55:44',24,30,41),(25,'2C15F1B6-1','防毒面具','group1/M00/00/00/rBofMl5yFiSAe6h2AADJ0MIVEUw374.jpg','舒适版','个','防毒气的',1,'2020-03-18 00:00:00','2020-03-18 12:39:18',20,23,39),(28,'894b8218-36ee-4a0d-9ad1-d9c5e455','霸王洗发水','group1/M00/00/00/rBofMl50e76AYzVtAAB6dwE5XLI650.jpg','10ml','瓶','洗发水挺好的',7,'2020-03-20 00:00:00','2020-03-20 09:34:08',24,31,52),(29,'0b9e9176-f996-4384-bb6c-209f55d0','卫龙辣条','group1/M00/00/00/rBofMl52BQKAB9scAAA8bqb6l5k008.jpg','大包','包','好吃',4,'2020-03-21 12:14:43','2020-03-21 12:14:43',24,30,41),(30,'24573d5b-0c9b-403b-9a88-c214702e','医用酒精','group1/M00/00/00/rBofMl522Z6AN_RSAACJQ9cHSCk392.jpg','100ml/75%','瓶','100ml/75%',3,'2020-03-22 03:21:38','2020-03-22 03:21:38',20,43,57),(31,'c98183c8-bc47-4505-abbb-1dc219b5','碘伏','group1/M00/00/00/rBofMl523RqAa7kpAABX9NSDgIo799.jpg','500ml','瓶','碘伏',3,'2020-03-22 03:36:15','2020-03-22 03:36:15',20,43,57),(32,'f248ee7a-c30c-447c-ae9c-0a1c09e9','呼吸机','group1/M00/00/00/rBofMl523tCANhpiAABH8PzDOBU255.jpg','100伏特','台','test',2,'2020-03-22 03:43:40','2020-03-22 03:43:40',20,21,32),(34,'beb944c4-01ae-497b-bfdd-2132032f','帅气男装','group1/M00/00/00/rBofMl56yieAIrPAAAE3074vL7M795.jpg','175cm','件','帅气男装',2,'2020-03-25 11:04:41','2020-03-25 11:04:41',24,27,40),(36,'c49aecca-12ec-4263-834a-f5a01d46','金龙鱼油','group1/M00/00/00/rBofMl56zJGAC4cQAABF43OLKH8842.jpg','500ml','瓶','金龙鱼油',2,'2020-03-25 11:14:45','2020-03-25 11:14:45',24,30,62),(37,'cf5a5f37-b299-4d96-bcb2-c4a46737','脑白金','group1/M00/00/00/rBofMl56zOCATfJ_AABZdj80IoY642.jpg','600ml','包','脑白金',2,'2020-03-25 11:16:42','2020-03-25 11:16:42',20,43,44),(38,'3fa0d5c1-4922-4078-8c7c-8d1cfeb5','金鸡胶囊','group1/M00/00/00/rBofMl56zTyAQ3zLAATMENY24Ek321.jpg','10个/包','包','金鸡胶囊',2,'2020-03-25 11:17:38','2020-03-25 11:17:38',20,43,53),(39,'de16b9e6-bb49-4547-ab91-db7ae7b6','感冒康胶囊','group1/M00/00/00/rBofMl56zXKAf32OAADXvzUKR90347.jpg','10片/包','包','感冒康胶囊',3,'2020-03-25 11:18:31','2020-03-25 11:18:31',20,43,53),(40,'0e17f606-9aaa-48a7-b4e9-ef18462e','康师傅矿泉水','group1/M00/00/00/rBofMl56zbyANBJlAAB2gMoSEvw394.jpg','10瓶/箱','箱','矿泉水',2,'2020-03-25 11:20:09','2020-03-25 11:20:09',59,60,61);
/*!40000 ALTER TABLE `biz_product` ENABLE KEYS */;
UNLOCK TABLES;

--
-- Table structure for table `biz_product_category`
--

DROP TABLE IF EXISTS `biz_product_category`;
/*!40101 SET @saved_cs_client     = @@character_set_client */;
/*!50503 SET character_set_client = utf8mb4 */;
CREATE TABLE `biz_product_category` (
  `id` bigint(20) NOT NULL AUTO_INCREMENT COMMENT '类别id',
  `name` varchar(100) DEFAULT NULL COMMENT '类别名称',
  `remark` varchar(200) DEFAULT NULL COMMENT '备注',
  `sort` int(11) DEFAULT NULL COMMENT '排序',
  `create_time` datetime DEFAULT NULL,
  `modified_time` datetime DEFAULT NULL,
  `pid` bigint(20) DEFAULT NULL COMMENT '父级分类id',
  PRIMARY KEY (`id`)
) ENGINE=InnoDB AUTO_INCREMENT=63 DEFAULT CHARSET=utf8;
/*!40101 SET character_set_client = @saved_cs_client */;

--
-- Dumping data for table `biz_product_category`
--

LOCK TABLES `biz_product_category` WRITE;
/*!40000 ALTER TABLE `biz_product_category` DISABLE KEYS */;
INSERT INTO `biz_product_category` VALUES (20,'医疗物资','11111122',2,'2020-03-17 00:00:00','2020-03-22 23:00:38',0),(21,'仪器','仪器',1,'2020-03-17 11:29:06','2020-03-17 11:29:06',20),(23,'防护品','防护品',2,'2020-03-17 11:33:48','2020-03-17 11:33:48',20),(24,'生活用品','生活用品',3,'2020-03-17 00:00:00','2020-03-22 23:00:43',0),(25,'口罩','口罩',2,'2020-03-17 11:37:33','2020-03-17 11:37:33',23),(27,'衣服用品','衣服用品',2,'2020-03-17 11:38:50','2020-03-17 11:38:50',24),(28,'防护服','防护服',3,'2020-03-17 11:44:38','2020-03-17 11:44:38',23),(30,'粮油类','粮油类',2,'2020-03-17 11:51:29','2020-03-17 11:51:29',24),(31,'洗化用品','洗化用品',3,'2020-03-17 11:51:50','2020-03-17 11:51:50',24),(32,'呼吸机','呼吸机',1,'2020-03-17 00:00:00','2020-03-17 13:43:01',21),(33,'交通运输','交通运输',1,'2020-03-17 11:56:03','2020-03-17 11:56:03',0),(34,'车辆','小车车',2,'2020-03-17 11:56:51','2020-03-17 11:56:51',33),(35,'救护车','救护车',2,'2020-03-17 11:57:38','2020-03-17 11:57:38',34),(37,'运输车','运输车',1,'2020-03-17 00:00:00','2020-03-23 10:46:10',34),(38,'温度器','温度器',1,'2020-03-18 01:43:52','2020-03-18 01:43:52',21),(39,'防毒面具','防毒面具',5,'2020-03-18 01:44:27','2020-03-18 01:44:27',23),(40,'衣服','衣服',1,'2020-03-18 01:50:33','2020-03-18 01:50:33',27),(41,'大米','大米',2,'2020-03-18 01:50:49','2020-03-18 01:50:49',30),(43,'药品','药品',2,'2020-03-18 01:57:42','2020-03-18 01:57:42',20),(44,'输液','输液',2,'2020-03-18 01:58:31','2020-03-18 01:58:31',43),(45,'消毒液','消毒液',2,'2020-03-18 01:59:03','2020-03-18 01:59:03',43),(46,'血压仪','血压仪',2,'2020-03-18 01:59:30','2020-03-18 01:59:30',21),(50,'test','test',1,'2020-03-19 01:05:24','2020-03-19 01:05:24',49),(51,'test3','test3',3,'2020-03-19 01:05:45','2020-03-19 01:05:45',50),(52,'洗发水','洗发的',1,'2020-03-20 08:15:45','2020-03-20 08:15:45',31),(53,'解热镇痛药','解热镇痛药',1,'2020-03-21 03:37:18','2020-03-21 03:37:18',43),(54,'外用及器具','外用及器具',1,'2020-03-21 03:38:13','2020-03-21 03:38:13',20),(55,'导尿管','导尿管',2,'2020-03-21 03:38:30','2020-03-21 03:38:30',54),(56,'三角巾急救包','三角巾急救包',2,'2020-03-21 03:38:51','2020-03-21 03:38:51',54),(57,'消毒药品类','消毒药品类',2,'2020-03-21 03:40:09','2020-03-21 03:40:09',43),(58,'外科手术服','外科手术服',2,'2020-03-21 03:41:20','2020-03-21 03:41:20',23),(59,'test','test',4,'2020-03-23 10:46:29','2020-03-23 10:46:29',0),(60,'test','test2',2,'2020-03-23 10:46:42','2020-03-23 10:46:42',59),(61,'test23','test',2,'2020-03-23 10:46:55','2020-03-23 10:46:55',60),(62,'食用油','实用油',2,'2020-03-25 11:13:39','2020-03-25 11:13:39',30);
/*!40000 ALTER TABLE `biz_product_category` ENABLE KEYS */;
UNLOCK TABLES;

--
-- Table structure for table `biz_product_stock`
--

DROP TABLE IF EXISTS `biz_product_stock`;
/*!40101 SET @saved_cs_client     = @@character_set_client */;
/*!50503 SET character_set_client = utf8mb4 */;
CREATE TABLE `biz_product_stock` (
  `id` bigint(20) NOT NULL AUTO_INCREMENT,
  `p_num` varchar(32) NOT NULL,
  `stock` bigint(20) DEFAULT NULL COMMENT '商品库存结余',
  PRIMARY KEY (`id`)
) ENGINE=InnoDB AUTO_INCREMENT=18 DEFAULT CHARSET=utf8;
/*!40101 SET character_set_client = @saved_cs_client */;

--
-- Dumping data for table `biz_product_stock`
--

LOCK TABLES `biz_product_stock` WRITE;
/*!40000 ALTER TABLE `biz_product_stock` DISABLE KEYS */;
INSERT INTO `biz_product_stock` VALUES (1,'3DFC8EA0-6',122),(2,'2C15F1B6-1',253),(3,'6976D3B4-A',521),(4,'52A0F5B9-5',257),(5,'967CE098-3',126),(6,'894b8218-36ee-4a0d-9ad1-d9c5e455',45),(7,'0b9e9176-f996-4384-bb6c-209f55d0',15),(8,'AB0E206E-A',2),(9,'6AF405A1-C',8),(10,'6EF5F2C0-9',1),(11,'c98183c8-bc47-4505-abbb-1dc219b5',9),(12,'24573d5b-0c9b-403b-9a88-c214702e',4),(13,'beb944c4-01ae-497b-bfdd-2132032f',1),(14,'c49aecca-12ec-4263-834a-f5a01d46',5),(15,'cf5a5f37-b299-4d96-bcb2-c4a46737',4),(16,'0e17f606-9aaa-48a7-b4e9-ef18462e',3),(17,'de16b9e6-bb49-4547-ab91-db7ae7b6',3);
/*!40000 ALTER TABLE `biz_product_stock` ENABLE KEYS */;
UNLOCK TABLES;

--
-- Table structure for table `biz_supplier`
--

DROP TABLE IF EXISTS `biz_supplier`;
/*!40101 SET @saved_cs_client     = @@character_set_client */;
/*!50503 SET character_set_client = utf8mb4 */;
CREATE TABLE `biz_supplier` (
  `id` bigint(20) NOT NULL AUTO_INCREMENT,
  `name` varchar(255) DEFAULT NULL COMMENT '供应商名称',
  `address` varchar(255) DEFAULT NULL COMMENT '供应商地址',
  `email` varchar(255) DEFAULT NULL COMMENT '供应商邮箱',
  `phone` varchar(255) DEFAULT NULL COMMENT '供应商电话',
  `create_time` datetime DEFAULT NULL,
  `modified_time` datetime DEFAULT NULL,
  `sort` int(10) DEFAULT NULL COMMENT '排序',
  PRIMARY KEY (`id`)
) ENGINE=InnoDB AUTO_INCREMENT=13 DEFAULT CHARSET=utf8;
/*!40101 SET character_set_client = @saved_cs_client */;

--
-- Dumping data for table `biz_supplier`
--

LOCK TABLES `biz_supplier` WRITE;
/*!40000 ALTER TABLE `biz_supplier` DISABLE KEYS */;
INSERT INTO `biz_supplier` VALUES (1,'好心人士','江西','3053161401@qq.com','15079124141','2020-03-16 00:00:00','2020-03-17 03:10:25',4),(5,'江西红十字会','江西抚州','30514511545@qq.com','15079437282','2020-03-16 13:00:58','2020-03-16 13:00:58',4),(6,'东北志愿者','北京','12041454545@qq.com','15079437282','2020-03-16 00:00:00','2020-03-23 08:36:35',5),(7,'湖南红十字会','湖南湘西','145454545@qq.com','15245147852','2020-03-16 13:03:48','2020-03-16 13:03:48',3),(8,'北京红十字会','北京','32545454545@qq.com','15079437282','2020-03-19 01:06:22','2020-03-19 01:06:22',4),(9,'爱心有限公司','福建','5454545@qq.com','15079437282','2020-03-19 00:00:00','2020-03-19 14:38:04',3),(11,'政府机构','天安门','tiananmen@qq.com','15079452414','2020-03-21 00:00:00','2020-03-22 22:42:29',2),(12,'一位帅哥','北京','305121545@qq.com','15079437282','2020-03-21 12:27:14','2020-03-21 12:27:14',3);
/*!40000 ALTER TABLE `biz_supplier` ENABLE KEYS */;
UNLOCK TABLES;

--
-- Table structure for table `tb_department`
--

DROP TABLE IF EXISTS `tb_department`;
/*!40101 SET @saved_cs_client     = @@character_set_client */;
/*!50503 SET character_set_client = utf8mb4 */;
CREATE TABLE `tb_department` (
  `id` bigint(20) NOT NULL AUTO_INCREMENT,
  `name` varchar(255) DEFAULT NULL COMMENT '系名',
  `phone` varchar(20) NOT NULL COMMENT '系办公电话',
  `address` varchar(20) DEFAULT NULL COMMENT '办公室地点',
  `create_time` datetime DEFAULT NULL COMMENT '创建时间',
  `modified_time` datetime DEFAULT NULL COMMENT '修改时间',
  `mgr_id` bigint(20) DEFAULT NULL COMMENT '系主任id，关联用户表',
  PRIMARY KEY (`id`),
  KEY `mgr_id` (`mgr_id`),
  CONSTRAINT `tb_department_ibfk_1` FOREIGN KEY (`mgr_id`) REFERENCES `tb_user` (`id`)
) ENGINE=InnoDB AUTO_INCREMENT=17 DEFAULT CHARSET=utf8;
/*!40101 SET character_set_client = @saved_cs_client */;

--
-- Dumping data for table `tb_department`
--

LOCK TABLES `tb_department` WRITE;
/*!40000 ALTER TABLE `tb_department` DISABLE KEYS */;
INSERT INTO `tb_department` VALUES (11,'物资管理部','15045741241','负责系统物资的管理。','2020-03-16 00:00:00','2020-03-24 13:19:06',54),(12,'采购部','15079451241','采购中心','2020-03-16 00:00:00','2020-03-21 02:13:39',54),(14,'信息技术部','18214521412','3楼405房间','2020-03-19 01:02:35','2020-03-19 01:02:35',6),(15,'行政部','15079457458','3栋504房间','2020-03-19 00:00:00','2020-03-25 11:27:35',5),(16,'运输部','15078968575','6栋709房间','2020-03-19 01:04:35','2020-03-19 01:04:35',71);
/*!40000 ALTER TABLE `tb_department` ENABLE KEYS */;
UNLOCK TABLES;

--
-- Table structure for table `tb_log`
--

DROP TABLE IF EXISTS `tb_log`;
/*!40101 SET @saved_cs_client     = @@character_set_client */;
/*!50503 SET character_set_client = utf8mb4 */;
CREATE TABLE `tb_log` (
  `id` bigint(20) NOT NULL AUTO_INCREMENT COMMENT '日志ID',
  `user_name` varchar(50) DEFAULT NULL COMMENT '操作用户',
  `operation` text COMMENT '操作内容',
  `time` decimal(11,0) DEFAULT NULL COMMENT '耗时',
  `method` text COMMENT '操作方法',
  `params` text COMMENT '方法参数',
  `ip` varchar(64) DEFAULT NULL COMMENT '操作者IP',
  `create_time` datetime DEFAULT NULL COMMENT '创建时间',
  `location` varchar(50) DEFAULT NULL COMMENT '操作地点',
  PRIMARY KEY (`id`) USING BTREE
) ENGINE=InnoDB AUTO_INCREMENT=1321 DEFAULT CHARSET=utf8 ROW_FORMAT=DYNAMIC COMMENT='操作日志表';
/*!40101 SET character_set_client = @saved_cs_client */;

--
-- Dumping data for table `tb_log`
--

LOCK TABLES `tb_log` WRITE;
/*!40000 ALTER TABLE `tb_log` DISABLE KEYS */;
INSERT INTO `tb_log` VALUES (1055,'zhangyukang','修改用户',901,'com.coderman.rbac.sys.controller.UserController.update()','role=[草鸡管理员],permission=[任何权限],time=[Sat Nov 16 11:07:21 CST 2019]','127.0.0.1','2019-11-16 11:07:22','内网IP|0|0|内网IP|内网IP'),(1056,'zhangyukang','修改用户',122,'com.coderman.rbac.sys.controller.UserController.update()','role=[草鸡管理员],permission=[任何权限],time=[Sat Nov 16 11:12:48 CST 2019]','127.0.0.1','2019-11-16 11:12:48','内网IP|0|0|内网IP|内网IP'),(1057,'zhangyukang','分配菜单/按钮',222,'com.coderman.rbac.sys.controller.RoleController.updateRoleMenu()','role=[草鸡管理员],permission=[任何权限],time=[Sat Nov 16 11:13:28 CST 2019]','127.0.0.1','2019-11-16 11:13:28','内网IP|0|0|内网IP|内网IP'),(1058,'zhangyukang','修改角色',70,'com.coderman.rbac.sys.controller.RoleController.update()','role=[草鸡管理员],permission=[任何权限],time=[Sat Nov 16 11:13:32 CST 2019]','127.0.0.1','2019-11-16 11:13:33','内网IP|0|0|内网IP|内网IP'),(1059,'zhangyukang','删除角色',61,'com.coderman.rbac.sys.controller.RoleController.delete()','role=[草鸡管理员],permission=[任何权限],time=[Sat Nov 16 11:13:35 CST 2019]','127.0.0.1','2019-11-16 11:13:36','内网IP|0|0|内网IP|内网IP'),(1060,'zhangyukang','删除角色',33,'com.coderman.rbac.sys.controller.RoleController.delete()','role=[草鸡管理员],permission=[任何权限],time=[Sat Nov 16 11:13:38 CST 2019]','127.0.0.1','2019-11-16 11:13:39','内网IP|0|0|内网IP|内网IP'),(1061,'zhangyukang','删除菜单/按钮',1263,'com.coderman.rbac.sys.controller.MenuController.delete()','role=[草鸡管理员],permission=[任何权限],time=[Sat Nov 16 12:33:54 CST 2019]','127.0.0.1','2019-11-16 12:33:54','内网IP|0|0|内网IP|内网IP'),(1062,'zhangyukang','删除菜单/按钮',999,'com.coderman.rbac.sys.controller.MenuController.delete()','role=[草鸡管理员],permission=[任何权限],time=[Sat Nov 16 12:34:16 CST 2019]','127.0.0.1','2019-11-16 12:34:17','内网IP|0|0|内网IP|内网IP'),(1063,'zhangyukang','删除菜单/按钮',546,'com.coderman.rbac.sys.controller.MenuController.delete()','role=[草鸡管理员],permission=[任何权限],time=[Sat Nov 16 12:34:21 CST 2019]','127.0.0.1','2019-11-16 12:34:22','内网IP|0|0|内网IP|内网IP'),(1064,'zhangyukang','修改部门',2515,'com.coderman.rbac.sys.controller.DepartmentController.update()','role=[草鸡管理员],permission=[任何权限],time=[Sat Nov 16 12:35:00 CST 2019]','127.0.0.1','2019-11-16 12:35:01','内网IP|0|0|内网IP|内网IP'),(1065,'zhangyukang','添加菜单/按钮',1736,'com.coderman.rbac.sys.controller.MenuController.add()','role=[草鸡管理员],permission=[任何权限],time=[Sat Nov 16 12:37:14 CST 2019]','127.0.0.1','2019-11-16 12:37:14','内网IP|0|0|内网IP|内网IP'),(1066,'zhangyukang','更新菜单/按钮',809,'com.coderman.rbac.sys.controller.MenuController.update()','role=[草鸡管理员],permission=[任何权限],time=[Sat Nov 16 12:37:26 CST 2019]','127.0.0.1','2019-11-16 12:37:27','内网IP|0|0|内网IP|内网IP'),(1067,'zhangyukang','修改用户',106,'com.coderman.rbac.sys.controller.UserController.update()','role=[草鸡管理员],permission=[任何权限],time=[Sat Nov 16 12:41:58 CST 2019]','127.0.0.1','2019-11-16 12:41:59','内网IP|0|0|内网IP|内网IP'),(1068,'zhangyukang','修改用户',130,'com.coderman.rbac.sys.controller.UserController.update()','role=[草鸡管理员],permission=[任何权限],time=[Sat Nov 16 12:42:14 CST 2019]','127.0.0.1','2019-11-16 12:42:14','内网IP|0|0|内网IP|内网IP'),(1069,'zhangyukang','修改用户',171,'com.coderman.rbac.sys.controller.UserController.update()','role=[草鸡管理员],permission=[任何权限],time=[Sat Nov 16 12:42:24 CST 2019]','127.0.0.1','2019-11-16 12:42:25','内网IP|0|0|内网IP|内网IP'),(1070,'zhangyukang','添加用户',107,'com.coderman.rbac.sys.controller.UserController.add()','role=[草鸡管理员],permission=[任何权限],time=[Sat Nov 16 12:42:58 CST 2019]','127.0.0.1','2019-11-16 12:42:58','内网IP|0|0|内网IP|内网IP'),(1071,'zhangyukang','添加用户',359,'com.coderman.rbac.sys.controller.UserController.add()','role=[草鸡管理员],permission=[任何权限],time=[Sat Nov 16 12:43:29 CST 2019]','127.0.0.1','2019-11-16 12:43:29','内网IP|0|0|内网IP|内网IP'),(1072,'zhangyukang','添加部门',104,'com.coderman.rbac.sys.controller.DepartmentController.add()','role=[草鸡管理员],permission=[任何权限],time=[Sat Nov 16 12:45:49 CST 2019]','127.0.0.1','2019-11-16 12:45:50','内网IP|0|0|内网IP|内网IP'),(1073,'zhangyukang','添加部门',47,'com.coderman.rbac.sys.controller.DepartmentController.add()','role=[草鸡管理员],permission=[任何权限],time=[Sat Nov 16 12:46:30 CST 2019]','127.0.0.1','2019-11-16 12:46:31','内网IP|0|0|内网IP|内网IP'),(1074,'zhangyukang','修改部门',13,'com.coderman.rbac.sys.controller.DepartmentController.update()','role=[草鸡管理员],permission=[任何权限],time=[Sat Nov 16 12:46:43 CST 2019]','127.0.0.1','2019-11-16 12:46:43','内网IP|0|0|内网IP|内网IP'),(1075,'zhangyukang','修改部门',131,'com.coderman.rbac.sys.controller.DepartmentController.update()','role=[草鸡管理员],permission=[任何权限],time=[Sat Nov 16 12:48:27 CST 2019]','127.0.0.1','2019-11-16 12:48:28','内网IP|0|0|内网IP|内网IP'),(1076,'zhangyukang','添加菜单/按钮',933,'com.coderman.rbac.sys.controller.MenuController.add()','role=[草鸡管理员],permission=[任何权限],time=[Sat Nov 16 13:34:08 CST 2019]','127.0.0.1','2019-11-16 13:34:08','内网IP|0|0|内网IP|内网IP'),(1077,'zhangyukang','删除菜单/按钮',272,'com.coderman.rbac.sys.controller.MenuController.delete()','role=[草鸡管理员],permission=[任何权限],time=[Sat Nov 16 13:45:06 CST 2019]','127.0.0.1','2019-11-16 13:45:07','内网IP|0|0|内网IP|内网IP'),(1078,'zhangyukang','修改用户',115,'com.coderman.rbac.sys.controller.UserController.update()','role=[草鸡管理员],permission=[任何权限],time=[Sat Nov 16 17:32:31 CST 2019]','127.0.0.1','2019-11-16 17:32:32','内网IP|0|0|内网IP|内网IP'),(1079,'zhangyukang','修改用户',65,'com.coderman.rbac.sys.controller.UserController.update()','role=[草鸡管理员],permission=[任何权限],time=[Sat Nov 16 17:32:42 CST 2019]','127.0.0.1','2019-11-16 17:32:43','内网IP|0|0|内网IP|内网IP'),(1080,'zhangyukang','用户锁定/解锁',73,'com.coderman.rbac.sys.controller.UserController.lock()','role=[草鸡管理员],permission=[任何权限],time=[Sat Nov 16 17:32:46 CST 2019]','127.0.0.1','2019-11-16 17:32:46','内网IP|0|0|内网IP|内网IP'),(1081,'zhangyukang','修改用户',1221,'com.coderman.rbac.sys.controller.UserController.update()','role=[草鸡管理员],permission=[任何权限],time=[Sun Nov 17 09:29:37 CST 2019]','127.0.0.1','2019-11-17 09:29:38','内网IP|0|0|内网IP|内网IP'),(1082,'zhangyukang','修改用户',607,'com.coderman.rbac.sys.controller.UserController.update()','role=[草鸡管理员],permission=[任何权限],time=[Sun Nov 17 09:29:42 CST 2019]','127.0.0.1','2019-11-17 09:29:43','内网IP|0|0|内网IP|内网IP'),(1083,'zhangyukang','修改用户',602,'com.coderman.rbac.sys.controller.UserController.update()','role=[草鸡管理员],permission=[任何权限],time=[Sun Nov 17 09:35:45 CST 2019]','127.0.0.1','2019-11-17 09:35:46','内网IP|0|0|内网IP|内网IP'),(1084,'zhangyukang','修改用户',113,'com.coderman.rbac.sys.controller.UserController.update()','role=[草鸡管理员],permission=[任何权限],time=[Sun Nov 17 09:35:46 CST 2019]','127.0.0.1','2019-11-17 09:35:47','内网IP|0|0|内网IP|内网IP'),(1086,'zhangyukang','重置用户',27712,'com.coderman.rbac.sys.controller.UserController.reSetUser()','role=[草鸡管理员],permission=[任何权限],time=[Sun Nov 17 10:50:04 CST 2019]','127.0.0.1','2019-11-17 10:50:04','内网IP|0|0|内网IP|内网IP'),(1087,'zhangyukang','修改用户',463,'com.coderman.rbac.sys.controller.UserController.update()','role=[草鸡管理员],permission=[任何权限],time=[Sun Nov 17 10:50:30 CST 2019]','127.0.0.1','2019-11-17 10:50:31','内网IP|0|0|内网IP|内网IP'),(1088,'justin','修改用户',438,'com.coderman.rbac.sys.controller.UserController.update()','role=[java程序员],permission=,time=[Sun Nov 17 10:51:24 CST 2019]','127.0.0.1','2019-11-17 10:51:25','内网IP|0|0|内网IP|内网IP'),(1089,'zhangyukang','更新菜单/按钮',579,'com.coderman.rbac.sys.controller.MenuController.update()','role=[草鸡管理员],permission=[任何权限],time=[Sun Nov 17 10:52:57 CST 2019]','127.0.0.1','2019-11-17 10:52:58','内网IP|0|0|内网IP|内网IP'),(1090,'zhangyukang','分配角色',115,'com.coderman.rbac.sys.controller.UserController.giveUserRoles()','role=[草鸡管理员],permission=[任何权限],time=[Sun Nov 17 21:48:22 CST 2019]','127.0.0.1','2019-11-17 21:48:23','内网IP|0|0|内网IP|内网IP'),(1091,'zhangyukang','重置用户',91,'com.coderman.rbac.sys.controller.UserController.reSetUser()','role=[草鸡管理员],permission=[任何权限],time=[Sun Nov 17 21:49:26 CST 2019]','127.0.0.1','2019-11-17 21:49:26','内网IP|0|0|内网IP|内网IP'),(1096,'zhangyukang','用户锁定/解锁',12,'com.coderman.rbac.sys.controller.UserController.lock()','role=[草鸡管理员],permission=[任何权限],time=[Mon Nov 18 15:52:45 CST 2019]','223.83.124.189','2019-11-18 15:52:46','中国|华东|江西省|九江市|移动'),(1097,'zhangyukang','重置用户',12,'com.coderman.rbac.sys.controller.UserController.reSetUser()','role=[草鸡管理员],permission=[任何权限],time=[Mon Nov 18 16:02:50 CST 2019]','223.83.124.189','2019-11-18 16:02:50','中国|华东|江西省|九江市|移动'),(1098,'zhangyukang','修改用户',7,'com.coderman.rbac.sys.controller.UserController.update()','role=[草鸡管理员],permission=[任何权限],time=[Mon Nov 18 16:08:01 CST 2019]','223.83.124.189','2019-11-18 16:08:01','中国|华东|江西省|九江市|移动'),(1099,'zhangyukang','用户锁定/解锁',8,'com.coderman.rbac.sys.controller.UserController.lock()','role=[草鸡管理员],permission=[任何权限],time=[Mon Nov 18 16:08:07 CST 2019]','223.83.124.189','2019-11-18 16:08:07','中国|华东|江西省|九江市|移动'),(1100,'zhangyukang','分配菜单/按钮',57,'com.coderman.rbac.sys.controller.RoleController.updateRoleMenu()','role=[草鸡管理员],permission=[任何权限],time=[Tue Nov 19 20:04:52 CST 2019]','223.83.124.50','2019-11-19 20:04:52','中国|华东|江西省|九江市|移动'),(1101,'zhangyukang','分配菜单/按钮',50,'com.coderman.rbac.sys.controller.RoleController.updateRoleMenu()','role=[草鸡管理员],permission=[任何权限],time=[Wed Nov 20 09:28:28 CST 2019]','123.120.172.71','2019-11-20 09:28:29','中国|华北|北京市|北京市|联通'),(1102,'zhangyukang','删除用户',35,'com.coderman.rbac.sys.controller.UserController.delete()','role=[草鸡管理员],permission=[任何权限],time=[Wed Nov 20 11:56:50 CST 2019]','218.65.11.220','2019-11-20 11:56:50','中国|华东|江西省|九江市|电信'),(1103,'zhangyukang','修改用户',32,'com.coderman.rbac.sys.controller.UserController.update()','role=[草鸡管理员],permission=[任何权限],time=[Wed Nov 20 11:57:43 CST 2019]','218.65.11.220','2019-11-20 11:57:44','中国|华东|江西省|九江市|电信'),(1104,'zhangyukang','修改用户',11,'com.coderman.rbac.sys.controller.UserController.update()','role=[草鸡管理员],permission=[任何权限],time=[Wed Nov 20 11:57:46 CST 2019]','218.65.11.220','2019-11-20 11:57:46','中国|华东|江西省|九江市|电信'),(1105,'zhangyukang','修改部门',68,'com.coderman.rbac.sys.controller.DepartmentController.update()','role=[草鸡管理员],permission=[任何权限],time=[Wed Nov 20 11:58:01 CST 2019]','218.65.11.220','2019-11-20 11:58:01','中国|华东|江西省|九江市|电信'),(1106,'zhangyukang','分配角色',174,'com.coderman.rbac.sys.controller.UserController.giveUserRoles()','role=[草鸡管理员],permission=[任何权限],time=[Thu Nov 21 12:32:38 CST 2019]','223.83.125.230','2019-11-21 12:32:39','中国|华东|江西省|九江市|移动'),(1107,'zhangyukang','分配菜单/按钮',114,'com.coderman.rbac.sys.controller.RoleController.updateRoleMenu()','role=[草鸡管理员],permission=[任何权限],time=[Thu Nov 21 12:32:49 CST 2019]','223.83.125.230','2019-11-21 12:32:49','中国|华东|江西省|九江市|移动'),(1108,'zhangyukang','修改部门',329,'com.coderman.rbac.sys.controller.DepartmentController.update()','role=[草鸡管理员],permission=[任何权限],time=[Fri Nov 22 15:54:18 CST 2019]','223.83.127.156','2019-11-22 15:54:19','中国|华东|江西省|九江市|移动'),(1109,'zhangyukang','添加部门',28,'com.coderman.rbac.sys.controller.DepartmentController.add()','role=[草鸡管理员],permission=[任何权限],time=[Fri Nov 22 15:55:59 CST 2019]','223.83.127.156','2019-11-22 15:56:00','中国|华东|江西省|九江市|移动'),(1110,'zhangyukang','修改部门',36,'com.coderman.rbac.sys.controller.DepartmentController.update()','role=[草鸡管理员],permission=[任何权限],time=[Fri Nov 22 15:56:09 CST 2019]','223.83.127.156','2019-11-22 15:56:10','中国|华东|江西省|九江市|移动'),(1111,'zhangyukang','添加角色',88,'com.coderman.rbac.sys.controller.RoleController.add()','role=[草鸡管理员],permission=[任何权限],time=[Fri Nov 22 15:57:07 CST 2019]','223.83.127.156','2019-11-22 15:57:08','中国|华东|江西省|九江市|移动'),(1112,'zhangyukang','添加角色',55,'com.coderman.rbac.sys.controller.RoleController.add()','role=[草鸡管理员],permission=[任何权限],time=[Fri Nov 22 15:57:31 CST 2019]','223.83.127.156','2019-11-22 15:57:32','中国|华东|江西省|九江市|移动'),(1113,'zhangyukang','添加角色',103,'com.coderman.rbac.sys.controller.RoleController.add()','role=[草鸡管理员],permission=[任何权限],time=[Fri Nov 22 15:57:59 CST 2019]','223.83.127.156','2019-11-22 15:58:00','中国|华东|江西省|九江市|移动'),(1114,'zhangyukang','添加菜单/按钮',38,'com.coderman.rbac.sys.controller.MenuController.add()','role=[草鸡管理员],permission=[任何权限],time=[Fri Nov 22 17:13:57 CST 2019]','221.221.156.239','2019-11-22 17:13:58','中国|华北|北京市|北京市|联通'),(1115,'zhangyukang','批量删除用户',67,'com.coderman.rbac.sys.controller.UserController.batchDelete()','role=[草鸡管理员],permission=[任何权限],time=[Fri Nov 22 17:15:20 CST 2019]','114.249.219.180','2019-11-22 17:15:20','中国|华北|北京市|北京市|联通'),(1116,'zhangyukang','删除菜单/按钮',42,'com.coderman.rbac.sys.controller.MenuController.delete()','role=[草鸡管理员],permission=[任何权限],time=[Fri Nov 22 22:04:21 CST 2019]','127.0.0.1','2019-11-22 22:04:22','内网IP|0|0|内网IP|内网IP'),(1117,'zhangyukang','添加用户',170,'com.coderman.rbac.sys.controller.UserController.add()','role=[草鸡管理员],permission=[任何权限],time=[Sat Nov 23 10:25:04 CST 2019]','127.0.0.1','2019-11-23 10:25:05','内网IP|0|0|内网IP|内网IP'),(1118,'zhangyukang','添加用户',59,'com.coderman.rbac.sys.controller.UserController.add()','role=[草鸡管理员],permission=[任何权限],time=[Sat Nov 23 11:19:06 CST 2019]','127.0.0.1','2019-11-23 11:19:06','内网IP|0|0|内网IP|内网IP'),(1119,'zhangyukang','修改用户',624,'com.coderman.rbac.sys.controller.UserController.update()','role=[草鸡管理员],permission=[任何权限],time=[Sat Nov 23 11:54:05 CST 2019]','127.0.0.1','2019-11-23 11:54:05','内网IP|0|0|内网IP|内网IP'),(1120,'zhangyukang','修改用户',826,'com.coderman.rbac.sys.controller.UserController.update()','role=[草鸡管理员],permission=[任何权限],time=[Sat Nov 23 11:56:37 CST 2019]','127.0.0.1','2019-11-23 11:56:37','内网IP|0|0|内网IP|内网IP'),(1121,'zhangyukang','修改用户',328,'com.coderman.rbac.sys.controller.UserController.update()','role=[草鸡管理员],permission=[任何权限],time=[Sat Nov 23 11:57:28 CST 2019]','127.0.0.1','2019-11-23 11:57:29','内网IP|0|0|内网IP|内网IP'),(1122,'zhangyukang','添加用户',486,'com.coderman.rbac.sys.controller.UserController.add()','role=[草鸡管理员],permission=[任何权限],time=[Sat Nov 23 11:59:46 CST 2019]','127.0.0.1','2019-11-23 11:59:47','内网IP|0|0|内网IP|内网IP'),(1123,'zhangyukang','添加用户',1640,'com.coderman.rbac.sys.controller.UserController.add()','role=[草鸡管理员],permission=[任何权限],time=[Sat Nov 23 12:07:11 CST 2019]','127.0.0.1','2019-11-23 12:07:11','内网IP|0|0|内网IP|内网IP'),(1124,'zhangyukang','修改用户',998,'com.coderman.rbac.sys.controller.UserController.update()','role=[草鸡管理员],permission=[任何权限],time=[Sat Nov 23 12:08:20 CST 2019]','127.0.0.1','2019-11-23 12:08:20','内网IP|0|0|内网IP|内网IP'),(1125,'zhangyukang','修改用户',144,'com.coderman.rbac.sys.controller.UserController.update()','role=[草鸡管理员],permission=[任何权限],time=[Sat Nov 23 12:17:50 CST 2019]','127.0.0.1','2019-11-23 12:17:51','内网IP|0|0|内网IP|内网IP'),(1126,'zhangyukang','修改用户',23,'com.coderman.rbac.sys.controller.UserController.update()','role=[草鸡管理员],permission=[任何权限],time=[Sat Nov 23 12:19:48 CST 2019]','127.0.0.1','2019-11-23 12:19:48','内网IP|0|0|内网IP|内网IP'),(1127,'zhangyukang','修改用户',137,'com.coderman.rbac.sys.controller.UserController.update()','role=[草鸡管理员],permission=[任何权限],time=[Sat Nov 23 12:19:58 CST 2019]','127.0.0.1','2019-11-23 12:19:59','内网IP|0|0|内网IP|内网IP'),(1128,'zhangyukang','修改用户',117,'com.coderman.rbac.sys.controller.UserController.update()','role=[草鸡管理员],permission=[任何权限],time=[Sat Nov 23 12:20:11 CST 2019]','127.0.0.1','2019-11-23 12:20:12','内网IP|0|0|内网IP|内网IP'),(1129,'zhangyukang','修改用户',131,'com.coderman.rbac.sys.controller.UserController.update()','role=[草鸡管理员],permission=[任何权限],time=[Sat Nov 23 12:20:17 CST 2019]','127.0.0.1','2019-11-23 12:20:18','内网IP|0|0|内网IP|内网IP'),(1130,'zhangyukang','修改用户',22,'com.coderman.rbac.sys.controller.UserController.update()','role=[草鸡管理员],permission=[任何权限],time=[Sat Nov 23 12:25:44 CST 2019]','127.0.0.1','2019-11-23 12:25:45','内网IP|0|0|内网IP|内网IP'),(1131,'zhangyukang','删除菜单/按钮',78,'com.coderman.rbac.sys.controller.MenuController.delete()','role=[草鸡管理员],permission=[任何权限],time=[Sat Nov 23 16:22:09 CST 2019]','127.0.0.1','2019-11-23 16:22:10','内网IP|0|0|内网IP|内网IP'),(1132,'zhangyukang','删除菜单/按钮',184,'com.coderman.rbac.sys.controller.MenuController.delete()','role=[草鸡管理员],permission=[任何权限],time=[Sat Nov 23 16:22:11 CST 2019]','127.0.0.1','2019-11-23 16:22:12','内网IP|0|0|内网IP|内网IP'),(1133,'zhangyukang','删除菜单/按钮',41,'com.coderman.rbac.sys.controller.MenuController.delete()','role=[草鸡管理员],permission=[任何权限],time=[Sat Nov 23 16:22:13 CST 2019]','127.0.0.1','2019-11-23 16:22:14','内网IP|0|0|内网IP|内网IP'),(1134,'zhangyukang','添加菜单/按钮',90,'com.coderman.rbac.sys.controller.MenuController.add()','role=[草鸡管理员],permission=[任何权限],time=[Sat Nov 23 16:22:43 CST 2019]','127.0.0.1','2019-11-23 16:22:44','内网IP|0|0|内网IP|内网IP'),(1135,'zhangyukang','添加菜单/按钮',135,'com.coderman.rbac.sys.controller.MenuController.add()','role=[草鸡管理员],permission=[任何权限],time=[Sat Nov 23 16:23:06 CST 2019]','127.0.0.1','2019-11-23 16:23:07','内网IP|0|0|内网IP|内网IP'),(1136,'zhangyukang','添加菜单/按钮',25,'com.coderman.rbac.sys.controller.MenuController.add()','role=[草鸡管理员],permission=[任何权限],time=[Sat Nov 23 16:23:28 CST 2019]','127.0.0.1','2019-11-23 16:23:29','内网IP|0|0|内网IP|内网IP'),(1137,'zhangyukang','更新菜单/按钮',159,'com.coderman.rbac.sys.controller.MenuController.update()','role=[草鸡管理员],permission=[任何权限],time=[Sat Nov 23 16:28:57 CST 2019]','127.0.0.1','2019-11-23 16:28:57','内网IP|0|0|内网IP|内网IP'),(1138,'zhangyukang','更新菜单/按钮',94,'com.coderman.rbac.sys.controller.MenuController.update()','role=[草鸡管理员],permission=[任何权限],time=[Sat Nov 23 16:29:35 CST 2019]','127.0.0.1','2019-11-23 16:29:36','内网IP|0|0|内网IP|内网IP'),(1139,'zhangyukang','更新菜单/按钮',61,'com.coderman.rbac.sys.controller.MenuController.update()','role=[草鸡管理员],permission=[任何权限],time=[Sat Nov 23 16:29:44 CST 2019]','127.0.0.1','2019-11-23 16:29:44','内网IP|0|0|内网IP|内网IP'),(1140,'zhangyukang','更新菜单/按钮',47,'com.coderman.rbac.sys.controller.MenuController.update()','role=[草鸡管理员],permission=[任何权限],time=[Sat Nov 23 16:30:44 CST 2019]','127.0.0.1','2019-11-23 16:30:45','内网IP|0|0|内网IP|内网IP'),(1141,'zhangyukang','更新菜单/按钮',31,'com.coderman.rbac.sys.controller.MenuController.update()','role=[草鸡管理员],permission=[任何权限],time=[Sat Nov 23 16:31:07 CST 2019]','127.0.0.1','2019-11-23 16:31:07','内网IP|0|0|内网IP|内网IP'),(1142,'zhangyukang','更新菜单/按钮',65,'com.coderman.rbac.sys.controller.MenuController.update()','role=[草鸡管理员],permission=[任何权限],time=[Sat Nov 23 16:37:14 CST 2019]','127.0.0.1','2019-11-23 16:37:14','内网IP|0|0|内网IP|内网IP'),(1143,'zhangyukang','添加部门',124,'com.coderman.rbac.sys.controller.DepartmentController.add()','role=[草鸡管理员],permission=[任何权限],time=[Sat Nov 23 17:00:49 CST 2019]','127.0.0.1','2019-11-23 17:00:50','内网IP|0|0|内网IP|内网IP'),(1144,'zhangyukang','修改部门',31,'com.coderman.rbac.sys.controller.DepartmentController.update()','role=[草鸡管理员],permission=[任何权限],time=[Sat Nov 23 17:03:38 CST 2019]','127.0.0.1','2019-11-23 17:03:39','内网IP|0|0|内网IP|内网IP'),(1145,'zhangyukang','修改部门',27,'com.coderman.rbac.sys.controller.DepartmentController.update()','role=[草鸡管理员],permission=[任何权限],time=[Sat Nov 23 17:03:45 CST 2019]','127.0.0.1','2019-11-23 17:03:46','内网IP|0|0|内网IP|内网IP'),(1146,'zhangyukang','更新菜单/按钮',587,'com.coderman.rbac.sys.controller.MenuController.update()','role=[草鸡管理员],permission=[任何权限],time=[Sat Nov 23 17:30:39 CST 2019]','127.0.0.1','2019-11-23 17:30:40','内网IP|0|0|内网IP|内网IP'),(1147,'zhangyukang','更新菜单/按钮',1289,'com.coderman.rbac.sys.controller.MenuController.update()','role=[草鸡管理员],permission=[任何权限],time=[Sat Nov 23 17:30:52 CST 2019]','127.0.0.1','2019-11-23 17:30:52','内网IP|0|0|内网IP|内网IP'),(1148,'zhangyukang','修改用户',135,'com.coderman.rbac.sys.controller.UserController.update()','role=[草鸡管理员],permission=[任何权限],time=[Sat Nov 23 20:19:14 CST 2019]','127.0.0.1','2019-11-23 20:19:14','内网IP|0|0|内网IP|内网IP'),(1149,'zhangyukang','添加用户',172,'com.coderman.rbac.sys.controller.UserController.add()','role=[草鸡管理员],permission=[任何权限],time=[Sat Nov 23 21:18:00 CST 2019]','127.0.0.1','2019-11-23 21:18:01','内网IP|0|0|内网IP|内网IP'),(1150,'zhangyukang','分配菜单/按钮',194,'com.coderman.rbac.sys.controller.RoleController.updateRoleMenu()','role=[草鸡管理员],permission=[任何权限],time=[Sat Nov 23 21:19:39 CST 2019]','127.0.0.1','2019-11-23 21:19:39','内网IP|0|0|内网IP|内网IP'),(1151,'zhangyukang','分配角色',41,'com.coderman.rbac.sys.controller.UserController.giveUserRoles()','role=[草鸡管理员],permission=[任何权限],time=[Sat Nov 23 21:20:36 CST 2019]','127.0.0.1','2019-11-23 21:20:36','内网IP|0|0|内网IP|内网IP'),(1152,'zhangyukang','分配菜单/按钮',104,'com.coderman.rbac.sys.controller.RoleController.updateRoleMenu()','role=[草鸡管理员],permission=[任何权限],time=[Sat Nov 23 21:21:16 CST 2019]','127.0.0.1','2019-11-23 21:21:16','内网IP|0|0|内网IP|内网IP'),(1153,'zhangyukang','分配角色',41,'com.coderman.rbac.sys.controller.UserController.giveUserRoles()','role=[草鸡管理员],permission=[任何权限],time=[Sat Nov 23 21:21:30 CST 2019]','127.0.0.1','2019-11-23 21:21:30','内网IP|0|0|内网IP|内网IP'),(1154,'zhangyukang','更新菜单/按钮',52,'com.coderman.rbac.sys.controller.MenuController.update()','role=[草鸡管理员],permission=[任何权限],time=[Sat Nov 23 21:24:29 CST 2019]','127.0.0.1','2019-11-23 21:24:29','内网IP|0|0|内网IP|内网IP'),(1155,'coderman','分配角色',67,'com.coderman.rbac.sys.controller.UserController.giveUserRoles()','role=[测试用户],permission=,time=[Sat Nov 23 21:32:18 CST 2019]','127.0.0.1','2019-11-23 21:32:18','内网IP|0|0|内网IP|内网IP'),(1156,'zhangyukang','添加菜单/按钮',132,'com.coderman.rbac.sys.controller.MenuController.add()','role=[草鸡管理员],permission=[任何权限],time=[Sat Nov 23 21:35:10 CST 2019]','127.0.0.1','2019-11-23 21:35:10','内网IP|0|0|内网IP|内网IP'),(1157,'zhangyukang','更新菜单/按钮',113,'com.coderman.rbac.sys.controller.MenuController.update()','role=[草鸡管理员],permission=[任何权限],time=[Sat Nov 23 21:35:42 CST 2019]','127.0.0.1','2019-11-23 21:35:42','内网IP|0|0|内网IP|内网IP'),(1158,'zhangyukang','分配菜单/按钮',183,'com.coderman.rbac.sys.controller.RoleController.updateRoleMenu()','role=[草鸡管理员],permission=[任何权限],time=[Sat Nov 23 21:37:38 CST 2019]','127.0.0.1','2019-11-23 21:37:38','内网IP|0|0|内网IP|内网IP'),(1159,'zhangyukang','添加菜单/按钮',118,'com.coderman.rbac.sys.controller.MenuController.add()','role=[草鸡管理员],permission=[任何权限],time=[Sat Nov 23 21:38:43 CST 2019]','127.0.0.1','2019-11-23 21:38:44','内网IP|0|0|内网IP|内网IP'),(1160,'zhangyukang','分配菜单/按钮',140,'com.coderman.rbac.sys.controller.RoleController.updateRoleMenu()','role=[草鸡管理员],permission=[任何权限],time=[Sat Nov 23 21:38:57 CST 2019]','127.0.0.1','2019-11-23 21:38:58','内网IP|0|0|内网IP|内网IP'),(1161,'coderman','删除菜单/按钮',124,'com.coderman.rbac.sys.controller.MenuController.delete()','role=[测试用户],permission=,time=[Sat Nov 23 21:39:37 CST 2019]','127.0.0.1','2019-11-23 21:39:38','内网IP|0|0|内网IP|内网IP'),(1162,'coderman','删除菜单/按钮',21,'com.coderman.rbac.sys.controller.MenuController.delete()','role=[测试用户],permission=,time=[Sat Nov 23 21:39:39 CST 2019]','127.0.0.1','2019-11-23 21:39:39','内网IP|0|0|内网IP|内网IP'),(1163,'coderman','删除菜单/按钮',18,'com.coderman.rbac.sys.controller.MenuController.delete()','role=[测试用户],permission=,time=[Sat Nov 23 21:39:40 CST 2019]','127.0.0.1','2019-11-23 21:39:41','内网IP|0|0|内网IP|内网IP'),(1164,'coderman','删除菜单/按钮',175,'com.coderman.rbac.sys.controller.MenuController.delete()','role=[测试用户],permission=,time=[Sat Nov 23 21:39:42 CST 2019]','127.0.0.1','2019-11-23 21:39:43','内网IP|0|0|内网IP|内网IP'),(1165,'coderman','删除菜单/按钮',18,'com.coderman.rbac.sys.controller.MenuController.delete()','role=[测试用户],permission=,time=[Sat Nov 23 21:39:44 CST 2019]','127.0.0.1','2019-11-23 21:39:44','内网IP|0|0|内网IP|内网IP'),(1166,'coderman','删除菜单/按钮',484,'com.coderman.rbac.sys.controller.MenuController.delete()','role=[测试用户],permission=,time=[Sat Nov 23 21:39:46 CST 2019]','127.0.0.1','2019-11-23 21:39:47','内网IP|0|0|内网IP|内网IP'),(1167,'coderman','删除菜单/按钮',80,'com.coderman.rbac.sys.controller.MenuController.delete()','role=[测试用户],permission=,time=[Sat Nov 23 21:39:48 CST 2019]','127.0.0.1','2019-11-23 21:39:48','内网IP|0|0|内网IP|内网IP'),(1168,'coderman','删除菜单/按钮',103,'com.coderman.rbac.sys.controller.MenuController.delete()','role=[测试用户],permission=,time=[Sat Nov 23 21:40:10 CST 2019]','127.0.0.1','2019-11-23 21:40:10','内网IP|0|0|内网IP|内网IP'),(1169,'coderman','删除菜单/按钮',168,'com.coderman.rbac.sys.controller.MenuController.delete()','role=[测试用户],permission=,time=[Sat Nov 23 21:40:12 CST 2019]','127.0.0.1','2019-11-23 21:40:12','内网IP|0|0|内网IP|内网IP'),(1170,'coderman','删除菜单/按钮',42,'com.coderman.rbac.sys.controller.MenuController.delete()','role=[测试用户],permission=,time=[Sat Nov 23 21:40:13 CST 2019]','127.0.0.1','2019-11-23 21:40:14','内网IP|0|0|内网IP|内网IP'),(1171,'coderman','更新菜单/按钮',45,'com.coderman.rbac.sys.controller.MenuController.update()','role=[测试用户],permission=,time=[Sat Nov 23 21:49:35 CST 2019]','127.0.0.1','2019-11-23 21:49:36','内网IP|0|0|内网IP|内网IP'),(1172,'coderman','更新菜单/按钮',44,'com.coderman.rbac.sys.controller.MenuController.update()','role=[测试用户],permission=,time=[Sat Nov 23 21:49:41 CST 2019]','127.0.0.1','2019-11-23 21:49:41','内网IP|0|0|内网IP|内网IP'),(1173,'coderman','更新菜单/按钮',109,'com.coderman.rbac.sys.controller.MenuController.update()','role=[测试用户],permission=,time=[Sat Nov 23 21:50:06 CST 2019]','127.0.0.1','2019-11-23 21:50:06','内网IP|0|0|内网IP|内网IP'),(1174,'coderman','更新菜单/按钮',26,'com.coderman.rbac.sys.controller.MenuController.update()','role=[测试用户],permission=,time=[Sat Nov 23 21:50:23 CST 2019]','127.0.0.1','2019-11-23 21:50:23','内网IP|0|0|内网IP|内网IP'),(1175,'coderman','更新菜单/按钮',16,'com.coderman.rbac.sys.controller.MenuController.update()','role=[测试用户],permission=,time=[Sat Nov 23 21:50:28 CST 2019]','127.0.0.1','2019-11-23 21:50:29','内网IP|0|0|内网IP|内网IP'),(1176,'coderman','修改用户',56,'com.coderman.rbac.sys.controller.UserController.update()','role=[测试用户],permission=,time=[Sun Nov 24 17:42:03 CST 2019]','127.0.0.1','2019-11-24 17:42:03','内网IP|0|0|内网IP|内网IP'),(1177,'coderman','修改用户',37,'com.coderman.rbac.sys.controller.UserController.update()','role=[测试用户],permission=,time=[Sun Nov 24 18:24:29 CST 2019]','127.0.0.1','2019-11-24 18:24:29','内网IP|0|0|内网IP|内网IP'),(1178,'coderman','修改用户',28,'com.coderman.rbac.sys.controller.UserController.update()','role=[测试用户],permission=,time=[Sun Nov 24 18:24:43 CST 2019]','127.0.0.1','2019-11-24 18:24:43','内网IP|0|0|内网IP|内网IP'),(1179,'coderman','修改用户',449,'com.coderman.rbac.sys.controller.UserController.update()','role=[测试用户],permission=,time=[Sun Nov 24 18:24:50 CST 2019]','127.0.0.1','2019-11-24 18:24:51','内网IP|0|0|内网IP|内网IP'),(1180,'coderman','修改用户',25,'com.coderman.rbac.sys.controller.UserController.update()','role=[测试用户],permission=,time=[Sun Nov 24 18:26:08 CST 2019]','127.0.0.1','2019-11-24 18:26:08','内网IP|0|0|内网IP|内网IP'),(1181,'coderman','修改用户',23107,'com.coderman.rbac.sys.controller.UserController.update()','role=[测试用户],permission=,time=[Sun Nov 24 18:28:31 CST 2019]','127.0.0.1','2019-11-24 18:28:31','内网IP|0|0|内网IP|内网IP'),(1182,'coderman','修改用户',8292,'com.coderman.rbac.sys.controller.UserController.update()','role=[测试用户],permission=,time=[Sun Nov 24 18:30:48 CST 2019]','127.0.0.1','2019-11-24 18:30:49','内网IP|0|0|内网IP|内网IP'),(1183,'coderman','修改用户',291,'com.coderman.rbac.sys.controller.UserController.update()','role=[测试用户],permission=,time=[Sun Nov 24 18:32:21 CST 2019]','127.0.0.1','2019-11-24 18:32:21','内网IP|0|0|内网IP|内网IP'),(1184,'coderman','修改用户',728,'com.coderman.rbac.sys.controller.UserController.update()','role=[测试用户],permission=,time=[Sun Nov 24 18:32:44 CST 2019]','127.0.0.1','2019-11-24 18:32:44','内网IP|0|0|内网IP|内网IP'),(1185,'coderman','修改用户',41,'com.coderman.rbac.sys.controller.UserController.update()','role=[测试用户],permission=,time=[Sun Nov 24 18:32:56 CST 2019]','127.0.0.1','2019-11-24 18:32:56','内网IP|0|0|内网IP|内网IP'),(1186,'coderman','修改用户',52,'com.coderman.rbac.sys.controller.UserController.update()','role=[测试用户],permission=,time=[Sun Nov 24 18:33:28 CST 2019]','127.0.0.1','2019-11-24 18:33:29','内网IP|0|0|内网IP|内网IP'),(1187,'coderman','修改用户',21,'com.coderman.rbac.sys.controller.UserController.update()','role=[测试用户],permission=,time=[Sun Nov 24 18:34:38 CST 2019]','127.0.0.1','2019-11-24 18:34:39','内网IP|0|0|内网IP|内网IP'),(1188,'coderman','修改用户',20,'com.coderman.rbac.sys.controller.UserController.update()','role=[测试用户],permission=,time=[Sun Nov 24 18:35:03 CST 2019]','127.0.0.1','2019-11-24 18:35:03','内网IP|0|0|内网IP|内网IP'),(1189,'coderman','修改用户',26,'com.coderman.rbac.sys.controller.UserController.update()','role=[测试用户],permission=,time=[Sun Nov 24 18:35:11 CST 2019]','127.0.0.1','2019-11-24 18:35:12','内网IP|0|0|内网IP|内网IP'),(1190,'coderman','修改用户',21,'com.coderman.rbac.sys.controller.UserController.update()','role=[测试用户],permission=,time=[Sun Nov 24 18:35:27 CST 2019]','127.0.0.1','2019-11-24 18:35:28','内网IP|0|0|内网IP|内网IP'),(1191,'coderman','修改用户',51,'com.coderman.rbac.sys.controller.UserController.update()','role=[测试用户],permission=,time=[Sun Nov 24 18:36:59 CST 2019]','127.0.0.1','2019-11-24 18:37:00','内网IP|0|0|内网IP|内网IP'),(1192,'coderman','修改用户',143,'com.coderman.rbac.sys.controller.UserController.update()','role=[测试用户],permission=,time=[Sun Nov 24 18:37:48 CST 2019]','127.0.0.1','2019-11-24 18:37:49','内网IP|0|0|内网IP|内网IP'),(1193,'KK','修改用户',48,'com.coderman.rbac.sys.controller.UserController.update()','role=[测试用户],permission=,time=[Sun Nov 24 18:53:14 CST 2019]','127.0.0.1','2019-11-24 18:53:14','内网IP|0|0|内网IP|内网IP'),(1194,'coderman','修改用户',1099,'com.coderman.rbac.sys.controller.UserController.update()','role=[测试用户],permission=,time=[Sun Nov 24 18:55:00 CST 2019]','127.0.0.1','2019-11-24 18:55:00','内网IP|0|0|内网IP|内网IP'),(1195,'coderman','修改用户',181,'com.coderman.rbac.sys.controller.UserController.update()','role=[测试用户],permission=,time=[Sun Nov 24 18:56:53 CST 2019]','127.0.0.1','2019-11-24 18:56:54','内网IP|0|0|内网IP|内网IP'),(1196,'coderman','修改用户',40,'com.coderman.rbac.sys.controller.UserController.update()','role=[测试用户],permission=,time=[Sun Nov 24 19:16:02 CST 2019]','127.0.0.1','2019-11-24 19:16:03','内网IP|0|0|内网IP|内网IP'),(1197,'coderman','修改用户',31,'com.coderman.rbac.sys.controller.UserController.update()','role=[测试用户],permission=,time=[Sun Nov 24 19:17:24 CST 2019]','127.0.0.1','2019-11-24 19:17:25','内网IP|0|0|内网IP|内网IP'),(1198,'coderman','修改用户',38,'com.coderman.rbac.sys.controller.UserController.update()','role=[测试用户],permission=,time=[Sun Nov 24 19:18:57 CST 2019]','127.0.0.1','2019-11-24 19:18:58','内网IP|0|0|内网IP|内网IP'),(1199,'coderman','修改用户',21,'com.coderman.rbac.sys.controller.UserController.update()','role=[测试用户],permission=,time=[Sun Nov 24 19:19:22 CST 2019]','127.0.0.1','2019-11-24 19:19:22','内网IP|0|0|内网IP|内网IP'),(1200,'coderman','修改用户',24,'com.coderman.rbac.sys.controller.UserController.update()','role=[测试用户],permission=,time=[Sun Nov 24 19:19:43 CST 2019]','127.0.0.1','2019-11-24 19:19:44','内网IP|0|0|内网IP|内网IP'),(1201,'coderman','修改用户',28,'com.coderman.rbac.sys.controller.UserController.update()','role=[测试用户],permission=,time=[Sun Nov 24 19:19:58 CST 2019]','127.0.0.1','2019-11-24 19:19:58','内网IP|0|0|内网IP|内网IP'),(1202,'zhangyukang','修改用户',42,'com.coderman.rbac.sys.controller.UserController.update()','role=[草鸡管理员],permission=[任何权限],time=[Sun Nov 24 19:22:56 CST 2019]','127.0.0.1','2019-11-24 19:22:57','内网IP|0|0|内网IP|内网IP'),(1203,'zhangyukang','修改用户',29,'com.coderman.rbac.sys.controller.UserController.update()','role=[草鸡管理员],permission=[任何权限],time=[Sun Nov 24 19:39:41 CST 2019]','127.0.0.1','2019-11-24 19:39:42','内网IP|0|0|内网IP|内网IP'),(1204,'coderman','修改用户',967,'com.coderman.rbac.sys.controller.UserController.update()','role=[测试用户],permission=,time=[Sun Nov 24 19:47:13 CST 2019]','127.0.0.1','2019-11-24 19:47:13','内网IP|0|0|内网IP|内网IP'),(1205,'coderman','修改用户',902,'com.coderman.rbac.sys.controller.UserController.update()','role=[测试用户],permission=,time=[Sun Nov 24 19:50:06 CST 2019]','127.0.0.1','2019-11-24 19:50:07','内网IP|0|0|内网IP|内网IP'),(1206,'coderman','修改用户',308,'com.coderman.rbac.sys.controller.UserController.update()','role=[测试用户],permission=,time=[Sun Nov 24 19:50:06 CST 2019]','127.0.0.1','2019-11-24 19:50:07','内网IP|0|0|内网IP|内网IP'),(1207,'coderman','修改用户',25,'com.coderman.rbac.sys.controller.UserController.update()','role=[测试用户],permission=,time=[Sun Nov 24 19:50:19 CST 2019]','127.0.0.1','2019-11-24 19:50:19','内网IP|0|0|内网IP|内网IP'),(1208,'coderman','修改用户',381,'com.coderman.rbac.sys.controller.UserController.update()','role=[测试用户],permission=,time=[Sun Nov 24 19:51:10 CST 2019]','127.0.0.1','2019-11-24 19:51:10','内网IP|0|0|内网IP|内网IP'),(1209,'coderman','修改用户',318,'com.coderman.rbac.sys.controller.UserController.update()','role=[测试用户],permission=,time=[Sun Nov 24 19:51:41 CST 2019]','127.0.0.1','2019-11-24 19:51:41','内网IP|0|0|内网IP|内网IP'),(1210,'coderman','修改用户',102,'com.coderman.rbac.sys.controller.UserController.update()','role=[测试用户],permission=,time=[Sun Nov 24 19:52:29 CST 2019]','127.0.0.1','2019-11-24 19:52:29','内网IP|0|0|内网IP|内网IP'),(1211,'coderman','修改用户',79,'com.coderman.rbac.sys.controller.UserController.update()','role=[测试用户],permission=,time=[Sun Nov 24 19:52:56 CST 2019]','127.0.0.1','2019-11-24 19:52:56','内网IP|0|0|内网IP|内网IP'),(1212,'coderman','修改用户',1083,'com.coderman.rbac.sys.controller.UserController.update()','role=[测试用户],permission=,time=[Sun Nov 24 19:53:55 CST 2019]','127.0.0.1','2019-11-24 19:53:56','内网IP|0|0|内网IP|内网IP'),(1213,'coderman','修改用户',1293,'com.coderman.rbac.sys.controller.UserController.update()','role=[测试用户],permission=,time=[Sun Nov 24 19:55:57 CST 2019]','127.0.0.1','2019-11-24 19:55:58','内网IP|0|0|内网IP|内网IP'),(1214,'coderman','修改用户',26,'com.coderman.rbac.sys.controller.UserController.update()','role=[测试用户],permission=,time=[Sun Nov 24 19:58:06 CST 2019]','127.0.0.1','2019-11-24 19:58:06','内网IP|0|0|内网IP|内网IP'),(1215,'coderman','修改用户',135,'com.coderman.rbac.sys.controller.UserController.update()','role=[测试用户],permission=,time=[Sun Nov 24 19:58:34 CST 2019]','127.0.0.1','2019-11-24 19:58:34','内网IP|0|0|内网IP|内网IP'),(1216,'coderman','修改用户',22,'com.coderman.rbac.sys.controller.UserController.update()','role=[测试用户],permission=,time=[Sun Nov 24 20:00:53 CST 2019]','127.0.0.1','2019-11-24 20:00:54','内网IP|0|0|内网IP|内网IP'),(1217,'coderman','修改用户',552,'com.coderman.rbac.sys.controller.UserController.update()','role=[测试用户],permission=,time=[Sun Nov 24 20:02:15 CST 2019]','127.0.0.1','2019-11-24 20:02:15','内网IP|0|0|内网IP|内网IP'),(1218,'coderman','修改用户',305,'com.coderman.rbac.sys.controller.UserController.update()','role=[测试用户],permission=,time=[Sun Nov 24 20:02:52 CST 2019]','127.0.0.1','2019-11-24 20:02:53','内网IP|0|0|内网IP|内网IP'),(1219,'coderman','修改用户',42,'com.coderman.rbac.sys.controller.UserController.update()','role=[测试用户],permission=,time=[Sun Nov 24 20:04:33 CST 2019]','127.0.0.1','2019-11-24 20:04:33','内网IP|0|0|内网IP|内网IP'),(1220,'coderman','修改用户',17,'com.coderman.rbac.sys.controller.UserController.update()','role=[测试用户],permission=,time=[Sun Nov 24 20:05:13 CST 2019]','127.0.0.1','2019-11-24 20:05:14','内网IP|0|0|内网IP|内网IP'),(1224,'coderman','修改用户',60,'com.coderman.rbac.sys.controller.UserController.update()','role=[测试用户],permission=,time=[Sun Nov 24 20:49:11 CST 2019]','223.83.126.118','2019-11-24 20:49:11','中国|华东|江西省|九江市|移动'),(1225,'coderman','修改用户',27,'com.coderman.rbac.sys.controller.UserController.update()','role=[测试用户],permission=,time=[Sun Nov 24 20:49:18 CST 2019]','223.83.126.118','2019-11-24 20:49:19','中国|华东|江西省|九江市|移动'),(1226,'coderman','添加菜单/按钮',43,'com.coderman.rbac.sys.controller.MenuController.add()','role=[测试用户],permission=,time=[Sun Nov 24 21:16:57 CST 2019]','223.83.126.118','2019-11-24 21:16:58','中国|华东|江西省|九江市|移动'),(1227,'coderman','添加菜单/按钮',29,'com.coderman.rbac.sys.controller.MenuController.add()','role=[测试用户],permission=,time=[Sun Nov 24 21:17:25 CST 2019]','223.83.126.118','2019-11-24 21:17:26','中国|华东|江西省|九江市|移动'),(1228,'zhangyukang','更新菜单/按钮',37,'com.coderman.rbac.sys.controller.MenuController.update()','role=[草鸡管理员],permission=[任何权限],time=[Sun Nov 24 21:19:16 CST 2019]','223.83.126.118','2019-11-24 21:19:16','中国|华东|江西省|九江市|移动'),(1229,'zhangyukang','更新菜单/按钮',23,'com.coderman.rbac.sys.controller.MenuController.update()','role=[草鸡管理员],permission=[任何权限],time=[Sun Nov 24 21:19:29 CST 2019]','223.83.126.118','2019-11-24 21:19:29','中国|华东|江西省|九江市|移动'),(1230,'zhangyukang','修改用户',41,'com.coderman.rbac.sys.controller.UserController.update()','role=[草鸡管理员],permission=[任何权限],time=[Sun Nov 24 21:21:22 CST 2019]','223.83.126.118','2019-11-24 21:21:22','中国|华东|江西省|九江市|移动'),(1231,'zhangyukang','分配菜单/按钮',62,'com.coderman.rbac.sys.controller.RoleController.updateRoleMenu()','role=[草鸡管理员],permission=[任何权限],time=[Sun Nov 24 21:23:07 CST 2019]','223.83.126.118','2019-11-24 21:23:08','中国|华东|江西省|九江市|移动'),(1232,'coderman','分配角色',49,'com.coderman.rbac.sys.controller.UserController.giveUserRoles()','role=[测试用户],permission=,time=[Mon Nov 25 10:03:54 CST 2019]','101.68.85.50','2019-11-25 10:03:54','中国|华东|浙江省|杭州市|联通'),(1233,'coderman','修改用户',48,'com.coderman.rbac.sys.controller.UserController.update()','role=[测试用户],permission=,time=[Mon Nov 25 10:23:48 CST 2019]','117.136.110.73','2019-11-25 10:23:48','中国|0|0|0|移动'),(1234,'coderman','修改用户',34,'com.coderman.rbac.sys.controller.UserController.update()','role=[测试用户],permission=,time=[Mon Nov 25 12:22:52 CST 2019]','223.83.126.247','2019-11-25 12:22:53','中国|华东|江西省|九江市|移动'),(1235,'coderman','分配角色',138,'com.coderman.rbac.sys.controller.UserController.giveUserRoles()','role=[测试用户],permission=,time=[Mon Nov 25 12:44:11 CST 2019]','223.83.126.247','2019-11-25 12:44:12','中国|华东|江西省|九江市|移动'),(1236,'coderman','修改用户',38,'com.coderman.rbac.sys.controller.UserController.update()','role=[测试用户],permission=,time=[Mon Nov 25 14:27:28 CST 2019]','117.136.110.73','2019-11-25 14:27:29','中国|0|0|0|移动'),(1237,'coderman','删除用户',29,'com.coderman.rbac.sys.controller.UserController.delete()','role=[测试用户],permission=,time=[Mon Nov 25 14:32:02 CST 2019]','14.147.105.201','2019-11-25 14:32:03','中国|华南|广东省|广州市|电信'),(1238,'coderman','修改用户',21,'com.coderman.rbac.sys.controller.UserController.update()','role=[测试用户],permission=,time=[Mon Nov 25 14:32:29 CST 2019]','14.147.105.201','2019-11-25 14:32:30','中国|华南|广东省|广州市|电信'),(1239,'coderman','修改用户',39,'com.coderman.rbac.sys.controller.UserController.update()','role=[测试用户],permission=,time=[Mon Nov 25 14:32:30 CST 2019]','14.147.105.201','2019-11-25 14:32:30','中国|华南|广东省|广州市|电信'),(1240,'coderman','修改用户',37,'com.coderman.rbac.sys.controller.UserController.update()','role=[测试用户],permission=,time=[Mon Nov 25 14:32:31 CST 2019]','14.147.105.201','2019-11-25 14:32:31','中国|华南|广东省|广州市|电信'),(1241,'coderman','修改用户',29,'com.coderman.rbac.sys.controller.UserController.update()','role=[测试用户],permission=,time=[Mon Nov 25 14:32:31 CST 2019]','14.147.105.201','2019-11-25 14:32:32','中国|华南|广东省|广州市|电信'),(1242,'coderman','修改用户',40,'com.coderman.rbac.sys.controller.UserController.update()','role=[测试用户],permission=,time=[Mon Nov 25 14:32:32 CST 2019]','14.147.105.201','2019-11-25 14:32:33','中国|华南|广东省|广州市|电信'),(1243,'coderman','修改用户',36,'com.coderman.rbac.sys.controller.UserController.update()','role=[测试用户],permission=,time=[Mon Nov 25 14:32:33 CST 2019]','14.147.105.201','2019-11-25 14:32:33','中国|华南|广东省|广州市|电信'),(1244,'coderman','添加角色',199,'com.coderman.rbac.sys.controller.RoleController.add()','role=[测试用户],permission=,time=[Mon Nov 25 16:33:35 CST 2019]','223.83.126.184','2019-11-25 16:33:36','中国|华东|江西省|九江市|移动'),(1245,'zhangyukang','分配菜单/按钮',79,'com.coderman.rbac.sys.controller.RoleController.updateRoleMenu()','role=[草鸡管理员],permission=[任何权限],time=[Mon Nov 25 17:10:34 CST 2019]','223.83.126.184','2019-11-25 17:10:34','中国|华东|江西省|九江市|移动'),(1246,'小章鱼鸭','分配角色',31,'com.coderman.rbac.sys.controller.UserController.giveUserRoles()','role=[GitHub用户],permission=,time=[Mon Nov 25 17:10:59 CST 2019]','223.83.126.184','2019-11-25 17:10:59','中国|华东|江西省|九江市|移动'),(1247,'小章鱼鸭','分配角色',23,'com.coderman.rbac.sys.controller.UserController.giveUserRoles()','role=[GitHub用户],permission=,time=[Mon Nov 25 17:11:05 CST 2019]','223.83.126.184','2019-11-25 17:11:06','中国|华东|江西省|九江市|移动'),(1248,'小章鱼鸭','分配角色',16,'com.coderman.rbac.sys.controller.UserController.giveUserRoles()','role=[GitHub用户],permission=,time=[Mon Nov 25 17:11:10 CST 2019]','223.83.126.184','2019-11-25 17:11:10','中国|华东|江西省|九江市|移动'),(1249,'zhangyukang','分配菜单/按钮',87,'com.coderman.rbac.sys.controller.RoleController.updateRoleMenu()','role=[草鸡管理员],permission=[任何权限],time=[Mon Nov 25 17:15:40 CST 2019]','223.83.126.184','2019-11-25 17:15:40','中国|华东|江西省|九江市|移动'),(1250,'zhangyukang','用户锁定/解锁',13,'com.coderman.rbac.sys.controller.UserController.lock()','role=[草鸡管理员],permission=[任何权限],time=[Mon Nov 25 17:16:26 CST 2019]','223.83.126.184','2019-11-25 17:16:26','中国|华东|江西省|九江市|移动'),(1251,'zhangyukang','用户锁定/解锁',12,'com.coderman.rbac.sys.controller.UserController.lock()','role=[草鸡管理员],permission=[任何权限],time=[Mon Nov 25 17:16:27 CST 2019]','223.83.126.184','2019-11-25 17:16:28','中国|华东|江西省|九江市|移动'),(1252,'zhangyukang','分配菜单/按钮',49,'com.coderman.rbac.sys.controller.RoleController.updateRoleMenu()','role=[草鸡管理员],permission=[任何权限],time=[Mon Nov 25 17:17:44 CST 2019]','223.83.126.184','2019-11-25 17:17:44','中国|华东|江西省|九江市|移动'),(1253,'coderman','更换头像',14159,'com.coderman.rbac.sys.controller.UserController.changAvatar()','role=[测试用户],permission=,time=[Mon Nov 25 17:20:15 CST 2019]','123.139.87.151','2019-11-25 17:20:15','中国|西北|陕西省|西安市|联通'),(1254,'小章鱼鸭','更新菜单/按钮',21,'com.coderman.rbac.sys.controller.MenuController.update()','role=[GitHub用户],permission=,time=[Mon Nov 25 17:24:17 CST 2019]','223.83.126.184','2019-11-25 17:24:18','中国|华东|江西省|九江市|移动'),(1255,'小章鱼鸭','更新菜单/按钮',19,'com.coderman.rbac.sys.controller.MenuController.update()','role=[GitHub用户],permission=,time=[Mon Nov 25 17:24:22 CST 2019]','223.83.126.184','2019-11-25 17:24:22','中国|华东|江西省|九江市|移动'),(1256,'小章鱼鸭','分配菜单/按钮',90,'com.coderman.rbac.sys.controller.RoleController.updateRoleMenu()','role=[GitHub用户],permission=,time=[Mon Nov 25 17:27:27 CST 2019]','223.83.126.184','2019-11-25 17:27:27','中国|华东|江西省|九江市|移动'),(1257,'小章鱼鸭','更新菜单/按钮',95,'com.coderman.rbac.sys.controller.MenuController.update()','role=[GitHub用户],permission=,time=[Mon Nov 25 18:15:14 CST 2019]','223.83.126.184','2019-11-25 18:15:15','中国|华东|江西省|九江市|移动'),(1258,'小章鱼鸭','修改用户',29,'com.coderman.rbac.sys.controller.UserController.update()','role=[GitHub用户],permission=,time=[Mon Nov 25 18:16:13 CST 2019]','223.83.126.184','2019-11-25 18:16:14','中国|华东|江西省|九江市|移动'),(1259,'zhangyukang','添加用户',165,'com.coderman.rbac.sys.controller.UserController.add()','role=[草鸡管理员],permission=[任何权限],time=[Mon Nov 25 20:13:56 CST 2019]','223.83.126.184','2019-11-25 20:13:57','中国|华东|江西省|九江市|移动'),(1260,'zhangyukang','分配角色',94,'com.coderman.rbac.sys.controller.UserController.giveUserRoles()','role=[草鸡管理员],permission=[任何权限],time=[Mon Nov 25 20:14:06 CST 2019]','223.83.126.184','2019-11-25 20:14:07','中国|华东|江西省|九江市|移动'),(1261,'小章鱼鸭','修改用户',158,'com.coderman.rbac.sys.controller.UserController.update()','role=[GitHub用户],permission=,time=[Mon Nov 25 20:26:06 CST 2019]','223.83.126.184','2019-11-25 20:26:07','中国|华东|江西省|九江市|移动'),(1262,'小章鱼鸭','分配角色',70,'com.coderman.rbac.sys.controller.UserController.giveUserRoles()','role=[GitHub用户],permission=,time=[Mon Nov 25 20:31:50 CST 2019]','223.83.126.184','2019-11-25 20:31:51','中国|华东|江西省|九江市|移动'),(1263,'小章鱼鸭','修改用户',57,'com.coderman.rbac.sys.controller.UserController.update()','role=[GitHub用户],permission=,time=[Mon Nov 25 20:32:19 CST 2019]','223.83.126.184','2019-11-25 20:32:19','中国|华东|江西省|九江市|移动'),(1264,'小章鱼鸭','用户锁定/解锁',29,'com.coderman.rbac.sys.controller.UserController.lock()','role=[GitHub用户],permission=,time=[Mon Nov 25 20:35:54 CST 2019]','223.83.126.184','2019-11-25 20:35:55','中国|华东|江西省|九江市|移动'),(1265,'小章鱼鸭','用户锁定/解锁',80,'com.coderman.rbac.sys.controller.UserController.lock()','role=[GitHub用户],permission=,time=[Mon Nov 25 20:35:55 CST 2019]','223.83.126.184','2019-11-25 20:35:56','中国|华东|江西省|九江市|移动'),(1266,'小章鱼鸭','修改用户',44,'com.coderman.rbac.sys.controller.UserController.update()','role=[GitHub用户],permission=,time=[Mon Nov 25 20:38:14 CST 2019]','223.83.126.184','2019-11-25 20:38:15','中国|华东|江西省|九江市|移动'),(1267,'小章鱼鸭','修改部门',100,'com.coderman.rbac.sys.controller.DepartmentController.update()','role=[GitHub用户],permission=,time=[Mon Nov 25 21:11:39 CST 2019]','223.83.126.184','2019-11-25 21:11:39','中国|华东|江西省|九江市|移动'),(1268,'小章鱼鸭','分配角色',33,'com.coderman.rbac.sys.controller.UserController.giveUserRoles()','role=[GitHub用户],permission=,time=[Mon Nov 25 21:21:30 CST 2019]','223.83.126.184','2019-11-25 21:21:31','中国|华东|江西省|九江市|移动'),(1269,'小章鱼鸭','添加用户',67,'com.coderman.rbac.sys.controller.UserController.add()','role=[GitHub用户],permission=,time=[Mon Nov 25 21:25:02 CST 2019]','223.83.126.184','2019-11-25 21:25:03','中国|华东|江西省|九江市|移动'),(1270,'小章鱼鸭','修改用户',72,'com.coderman.rbac.sys.controller.UserController.update()','role=[GitHub用户],permission=,time=[Mon Nov 25 21:25:29 CST 2019]','223.83.126.184','2019-11-25 21:25:29','中国|华东|江西省|九江市|移动'),(1271,'小章鱼鸭','修改用户',46,'com.coderman.rbac.sys.controller.UserController.update()','role=[GitHub用户],permission=,time=[Mon Nov 25 21:25:48 CST 2019]','223.83.126.184','2019-11-25 21:25:49','中国|华东|江西省|九江市|移动'),(1272,'小章鱼鸭','修改用户',36,'com.coderman.rbac.sys.controller.UserController.update()','role=[GitHub用户],permission=,time=[Mon Nov 25 21:26:00 CST 2019]','223.83.126.184','2019-11-25 21:26:01','中国|华东|江西省|九江市|移动'),(1273,'小章鱼鸭','修改用户',46,'com.coderman.rbac.sys.controller.UserController.update()','role=[GitHub用户],permission=,time=[Mon Nov 25 21:26:38 CST 2019]','223.83.126.184','2019-11-25 21:26:38','中国|华东|江西省|九江市|移动'),(1274,'小章鱼鸭','分配角色',22,'com.coderman.rbac.sys.controller.UserController.giveUserRoles()','role=[GitHub用户],permission=,time=[Mon Nov 25 21:27:00 CST 2019]','223.83.126.184','2019-11-25 21:27:00','中国|华东|江西省|九江市|移动'),(1275,'zhangyukang','添加菜单/按钮',504,'com.coderman.rbac.sys.controller.MenuController.add()','role=[草鸡管理员],permission=[任何权限],time=[Tue Nov 26 10:45:08 CST 2019]','223.83.126.43','2019-11-26 10:45:08','中国|华东|江西省|九江市|移动'),(1276,'zhangyukang','更新菜单/按钮',592,'com.coderman.rbac.sys.controller.MenuController.update()','role=[草鸡管理员],permission=[任何权限],time=[Tue Nov 26 10:46:10 CST 2019]','223.83.126.43','2019-11-26 10:46:11','中国|华东|江西省|九江市|移动'),(1277,'小章鱼鸭','添加菜单/按钮',385,'com.coderman.rbac.sys.controller.MenuController.add()','role=[GitHub用户],permission=,time=[Tue Nov 26 14:02:19 CST 2019]','223.83.126.43','2019-11-26 14:02:20','中国|华东|江西省|九江市|移动'),(1278,'小章鱼鸭','添加菜单/按钮',407,'com.coderman.rbac.sys.controller.MenuController.add()','role=[GitHub用户],permission=,time=[Tue Nov 26 14:03:16 CST 2019]','223.83.126.43','2019-11-26 14:03:16','中国|华东|江西省|九江市|移动'),(1279,'小章鱼鸭','添加菜单/按钮',203,'com.coderman.rbac.sys.controller.MenuController.add()','role=[GitHub用户],permission=,time=[Tue Nov 26 14:03:52 CST 2019]','223.83.126.43','2019-11-26 14:03:52','中国|华东|江西省|九江市|移动'),(1280,'小章鱼鸭','更新菜单/按钮',214,'com.coderman.rbac.sys.controller.MenuController.update()','role=[GitHub用户],permission=,time=[Tue Nov 26 14:04:28 CST 2019]','223.83.126.43','2019-11-26 14:04:29','中国|华东|江西省|九江市|移动'),(1281,'小章鱼鸭','更新菜单/按钮',268,'com.coderman.rbac.sys.controller.MenuController.update()','role=[GitHub用户],permission=,time=[Tue Nov 26 14:05:01 CST 2019]','223.83.126.43','2019-11-26 14:05:01','中国|华东|江西省|九江市|移动'),(1282,'小章鱼鸭','更新菜单/按钮',10079,'com.coderman.rbac.sys.controller.MenuController.update()','role=[GitHub用户],permission=,time=[Tue Nov 26 14:05:24 CST 2019]','223.83.126.43','2019-11-26 14:05:25','中国|华东|江西省|九江市|移动'),(1283,'小章鱼鸭','更新菜单/按钮',11233,'com.coderman.rbac.sys.controller.MenuController.update()','role=[GitHub用户],permission=,time=[Tue Nov 26 14:05:42 CST 2019]','223.83.126.43','2019-11-26 14:05:42','中国|华东|江西省|九江市|移动'),(1284,'小章鱼鸭','更新菜单/按钮',24994,'com.coderman.rbac.sys.controller.MenuController.update()','role=[GitHub用户],permission=,time=[Tue Nov 26 14:06:46 CST 2019]','223.83.126.43','2019-11-26 14:06:47','中国|华东|江西省|九江市|移动'),(1285,'小章鱼鸭','更新菜单/按钮',3790,'com.coderman.rbac.sys.controller.MenuController.update()','role=[GitHub用户],permission=,time=[Tue Nov 26 14:06:56 CST 2019]','223.83.126.43','2019-11-26 14:06:57','中国|华东|江西省|九江市|移动'),(1286,'小章鱼鸭','更新菜单/按钮',33290,'com.coderman.rbac.sys.controller.MenuController.update()','role=[GitHub用户],permission=,time=[Tue Nov 26 14:07:35 CST 2019]','223.83.126.43','2019-11-26 14:07:36','中国|华东|江西省|九江市|移动'),(1287,'zhangyukang','分配菜单/按钮',467,'com.coderman.rbac.sys.controller.RoleController.updateRoleMenu()','role=[草鸡管理员],permission=[任何权限],time=[Tue Nov 26 14:47:48 CST 2019]','223.83.126.43','2019-11-26 14:47:48','中国|华东|江西省|九江市|移动'),(1288,'zhangyukang','分配菜单/按钮',96,'com.coderman.rbac.sys.controller.RoleController.updateRoleMenu()','role=[草鸡管理员],permission=[任何权限],time=[Tue Nov 26 14:47:55 CST 2019]','223.83.126.43','2019-11-26 14:47:55','中国|华东|江西省|九江市|移动'),(1289,'zhangyukang','删除菜单/按钮',148,'com.coderman.rbac.sys.controller.MenuController.delete()','role=[草鸡管理员],permission=[任何权限],time=[Tue Nov 26 15:04:36 CST 2019]','223.83.126.43','2019-11-26 15:04:37','中国|华东|江西省|九江市|移动'),(1290,'测试用户','删除菜单/按钮',238,'com.coderman.rbac.sys.controller.MenuController.delete()','role=[测试用户],permission=,time=[Tue Nov 26 15:05:01 CST 2019]','117.188.127.203','2019-11-26 15:05:02','中国|西南|贵州省|0|移动'),(1291,'zhangyukang','分配菜单/按钮',59271,'com.coderman.rbac.sys.controller.RoleController.updateRoleMenu()','role=[草鸡管理员],permission=[任何权限],time=[Tue Nov 26 17:57:56 CST 2019]','223.83.124.32','2019-11-26 17:57:56','中国|华东|江西省|九江市|移动'),(1292,'zhangyukang','分配菜单/按钮',90,'com.coderman.rbac.sys.controller.RoleController.updateRoleMenu()','role=[草鸡管理员],permission=[任何权限],time=[Tue Nov 26 22:20:24 CST 2019]','223.83.124.32','2019-11-26 22:20:25','中国|华东|江西省|九江市|移动'),(1293,'zhangyukang','分配菜单/按钮',62,'com.coderman.rbac.sys.controller.RoleController.updateRoleMenu()','role=[草鸡管理员],permission=[任何权限],time=[Wed Nov 27 14:55:11 CST 2019]','117.136.110.198','2019-11-27 14:55:11','中国|0|0|0|移动'),(1294,'测试用户','更换头像',205726,'com.coderman.rbac.sys.controller.UserController.changAvatar()','role=[测试用户],permission=,time=[Wed Nov 27 14:57:59 CST 2019]','115.56.177.141','2019-11-27 14:58:00','中国|华中|河南省|开封市|联通'),(1295,'zhangyukang','修改用户',45,'com.coderman.rbac.sys.controller.UserController.update()','role=[草鸡管理员],permission=[任何权限],time=[Thu Nov 28 12:29:31 CST 2019]','223.83.126.229','2019-11-28 12:29:32','中国|华东|江西省|九江市|移动'),(1296,'zhangyukang','更换头像',204451,'com.coderman.rbac.sys.controller.UserController.changAvatar()','role=[草鸡管理员],permission=[任何权限],time=[Thu Nov 28 12:32:30 CST 2019]','223.83.126.229','2019-11-28 12:32:31','中国|华东|江西省|九江市|移动'),(1297,'zhangyukang','更换头像',204657,'com.coderman.rbac.sys.controller.UserController.changAvatar()','role=[草鸡管理员],permission=[任何权限],time=[Thu Nov 28 12:33:06 CST 2019]','223.83.126.229','2019-11-28 12:33:07','中国|华东|江西省|九江市|移动'),(1298,'测试用户','更换头像',204438,'com.coderman.rbac.sys.controller.UserController.changAvatar()','role=[测试用户],permission=,time=[Thu Nov 28 12:40:26 CST 2019]','223.83.126.229','2019-11-28 12:40:26','中国|华东|江西省|九江市|移动'),(1299,'测试用户','更换头像',204639,'com.coderman.rbac.sys.controller.UserController.changAvatar()','role=[测试用户],permission=,time=[Thu Nov 28 12:41:01 CST 2019]','223.83.126.229','2019-11-28 12:41:02','中国|华东|江西省|九江市|移动'),(1300,'测试用户','更换头像',204623,'com.coderman.rbac.sys.controller.UserController.changAvatar()','role=[测试用户],permission=,time=[Thu Nov 28 12:52:49 CST 2019]','223.83.126.229','2019-11-28 12:52:50','中国|华东|江西省|九江市|移动'),(1301,'测试用户','更换头像',204607,'com.coderman.rbac.sys.controller.UserController.changAvatar()','role=[测试用户],permission=,time=[Thu Nov 28 13:04:53 CST 2019]','223.83.126.229','2019-11-28 13:04:53','中国|华东|江西省|九江市|移动'),(1302,'测试用户','更换头像',204860,'com.coderman.rbac.sys.controller.UserController.changAvatar()','role=[测试用户],permission=,time=[Thu Nov 28 17:24:26 CST 2019]','223.83.127.237','2019-11-28 17:24:26','中国|华东|江西省|九江市|移动'),(1303,'zhangyukang','添加菜单/按钮',111,'com.coderman.rbac.sys.controller.MenuController.add()','role=[草鸡管理员],permission=[任何权限],time=[Mon Dec 02 11:38:15 CST 2019]','223.104.172.58','2019-12-02 11:38:15',NULL),(1304,'zhangyukang','添加菜单/按钮',25,'com.coderman.rbac.sys.controller.MenuController.add()','role=[草鸡管理员],permission=[任何权限],time=[Mon Dec 02 11:38:51 CST 2019]','223.104.172.58','2019-12-02 11:38:52',NULL),(1305,'zhangyukang','添加菜单/按钮',26,'com.coderman.rbac.sys.controller.MenuController.add()','role=[草鸡管理员],permission=[任何权限],time=[Mon Dec 02 11:39:31 CST 2019]','223.104.172.58','2019-12-02 11:39:32',NULL),(1306,'zhangyukang','添加菜单/按钮',283,'com.coderman.rbac.sys.controller.MenuController.add()','role=[草鸡管理员],permission=[任何权限],time=[Mon Dec 02 11:42:14 CST 2019]','223.104.172.58','2019-12-02 11:42:14',NULL),(1307,'zhangyukang','添加菜单/按钮',13,'com.coderman.rbac.sys.controller.MenuController.add()','role=[草鸡管理员],permission=[任何权限],time=[Mon Dec 02 11:42:47 CST 2019]','223.104.172.58','2019-12-02 11:42:47',NULL),(1308,'zhangyukang','添加菜单/按钮',71,'com.coderman.rbac.sys.controller.MenuController.add()','role=[草鸡管理员],permission=[任何权限],time=[Mon Dec 02 11:43:48 CST 2019]','223.104.172.58','2019-12-02 11:43:48',NULL),(1309,'zhangyukang','添加菜单/按钮',14,'com.coderman.rbac.sys.controller.MenuController.add()','role=[草鸡管理员],permission=[任何权限],time=[Mon Dec 02 11:44:23 CST 2019]','223.104.172.58','2019-12-02 11:44:23',NULL),(1310,'zhangyukang','更新菜单/按钮',44,'com.coderman.rbac.sys.controller.MenuController.update()','role=[草鸡管理员],permission=[任何权限],time=[Mon Dec 02 11:44:34 CST 2019]','223.104.172.58','2019-12-02 11:44:34',NULL),(1311,'zhangyukang','分配菜单/按钮',227,'com.coderman.rbac.sys.controller.RoleController.updateRoleMenu()','role=[草鸡管理员],permission=[任何权限],time=[Mon Dec 02 11:48:01 CST 2019]','223.104.172.58','2019-12-02 11:48:02',NULL),(1312,'小章鱼鸭','用户锁定/解锁',41,'com.coderman.rbac.sys.controller.UserController.lock()','role=[GitHub用户],permission=[user:view, role:view, menu:view, dept:view, online:view, log:view, user:add, role:add, role:update, menu:add, menu:update, dept:add, dept:update, log:delete, redis:view, loginlog:view, user:export, role:export, menu:export, dept:export, log:export, login:deleteLog, loginlog:export, user:giveUserRoles, login:batchDeleteLog, login:batchDeleteLog, user:lock, role:edit, datasource:view, message:view, icon:view, role:updateRoleMenu, session:user:view],time=[Mon Dec 02 11:51:30 CST 2019]','223.104.172.58','2019-12-02 11:51:31',NULL),(1313,'测试用户','更换头像',98112,'com.coderman.rbac.sys.controller.UserController.changAvatar()','role=[测试用户],permission=[user:view, role:view, menu:view, dept:view, online:view, log:view, user:add, role:add, role:update, menu:add, menu:update, dept:add, dept:update, redis:view, loginlog:view, user:reSet, user:export, role:export, menu:export, dept:export, log:export, loginlog:export, user:giveUserRoles, login:batchDeleteLog, user:lock, role:edit, datasource:view, message:view, icon:view, role:updateRoleMenu, session:user:view, 1],time=[Mon Dec 02 11:57:07 CST 2019]','223.104.172.58','2019-12-02 11:57:08',NULL),(1314,'zhangyukang','删除菜单/按钮',128,'com.coderman.rbac.sys.controller.MenuController.delete()','role=[草鸡管理员],permission=[任何权限],time=[Mon Dec 02 19:14:32 CST 2019]','127.0.0.1','2019-12-02 19:14:33','内网IP|0|0|内网IP|内网IP'),(1315,'zhangyukang','删除菜单/按钮',123,'com.coderman.rbac.sys.controller.MenuController.delete()','role=[草鸡管理员],permission=[任何权限],time=[Mon Dec 02 19:14:39 CST 2019]','127.0.0.1','2019-12-02 19:14:39','内网IP|0|0|内网IP|内网IP'),(1316,'测试用户','更换头像',1963,'com.coderman.rbac.sys.controller.UserController.changAvatar()','role=[测试用户],permission=[user:view, role:view, menu:view, dept:view, online:view, log:view, user:add, role:add, role:update, menu:add, menu:update, dept:add, dept:update, redis:view, loginlog:view, user:reSet, user:export, role:export, menu:export, dept:export, log:export, loginlog:export, user:giveUserRoles, login:batchDeleteLog, user:lock, role:edit, datasource:view, message:view, icon:view, role:updateRoleMenu, session:user:view, 1],time=[Mon Dec 02 19:20:16 CST 2019]','127.0.0.1','2019-12-02 19:20:17','内网IP|0|0|内网IP|内网IP'),(1317,'测试用户','更换头像',968,'com.coderman.rbac.sys.controller.UserController.changAvatar()','role=[测试用户],permission=[user:view, role:view, menu:view, dept:view, online:view, log:view, user:add, role:add, role:update, menu:add, menu:update, dept:add, dept:update, redis:view, loginlog:view, user:reSet, user:export, role:export, menu:export, dept:export, log:export, loginlog:export, user:giveUserRoles, login:batchDeleteLog, user:lock, role:edit, datasource:view, message:view, icon:view, role:updateRoleMenu, session:user:view, 1],time=[Mon Dec 02 19:29:40 CST 2019]','223.83.125.190','2019-12-02 19:29:40','中国|华东|江西省|九江市|移动'),(1318,'zhangyukang','分配菜单/按钮',106,'com.coderman.rbac.sys.controller.RoleController.updateRoleMenu()','role=[草鸡管理员],permission=[任何权限],time=[Mon Dec 02 20:23:23 CST 2019]','223.83.125.190','2019-12-02 20:23:24','中国|华东|江西省|九江市|移动'),(1319,'zhangyukang','修改用户',19,'com.coderman.rbac.sys.controller.UserController.update()','role=[草鸡管理员],permission=[任何权限],time=[Tue Dec 03 10:35:41 CST 2019]','223.83.124.97','2019-12-03 10:35:41','中国|华东|江西省|九江市|移动'),(1320,'测试用户','更换头像',110,'com.coderman.rbac.sys.controller.UserController.changAvatar()','role=[测试用户],permission=[user:view, role:view, menu:view, dept:view, online:view, log:view, user:add, role:add, role:update, menu:add, menu:update, dept:add, dept:update, redis:view, loginlog:view, user:reSet, user:export, role:export, menu:export, dept:export, log:export, loginlog:export, user:giveUserRoles, login:batchDeleteLog, user:lock, role:edit, datasource:view, message:view, icon:view, role:updateRoleMenu, session:user:view, 1],time=[Tue Dec 03 10:53:34 CST 2019]','223.83.124.97','2019-12-03 10:53:35','中国|华东|江西省|九江市|移动');
/*!40000 ALTER TABLE `tb_log` ENABLE KEYS */;
UNLOCK TABLES;

--
-- Table structure for table `tb_login_log`
--

DROP TABLE IF EXISTS `tb_login_log`;
/*!40101 SET @saved_cs_client     = @@character_set_client */;
/*!50503 SET character_set_client = utf8mb4 */;
CREATE TABLE `tb_login_log` (
  `id` bigint(11) NOT NULL AUTO_INCREMENT COMMENT 'id',
  `user_name` varchar(50) NOT NULL COMMENT '用户名',
  `login_time` datetime NOT NULL COMMENT '登录时间',
  `location` varchar(50) DEFAULT NULL COMMENT '登录地点',
  `ip` varchar(50) DEFAULT NULL COMMENT 'IP地址',
  `user_system` varchar(50) DEFAULT NULL COMMENT '操作系统',
  `user_browser` varchar(50) DEFAULT NULL COMMENT '浏览器',
  PRIMARY KEY (`id`) USING BTREE
) ENGINE=InnoDB AUTO_INCREMENT=1044 DEFAULT CHARSET=utf8 ROW_FORMAT=DYNAMIC COMMENT='登录日志表';
/*!40101 SET character_set_client = @saved_cs_client */;

--
-- Dumping data for table `tb_login_log`
--

LOCK TABLES `tb_login_log` WRITE;
/*!40000 ALTER TABLE `tb_login_log` DISABLE KEYS */;
INSERT INTO `tb_login_log` VALUES (924,'zhangyukang','2020-03-22 02:45:18','内网IP|0|0|内网IP|内网IP','127.0.0.1','Windows 10','Chrome'),(925,'zhangyukang','2020-03-22 02:50:33','内网IP|0|0|内网IP|内网IP','127.0.0.1','Windows 10','Chrome'),(926,'zhangyukang','2020-03-22 03:46:00','内网IP|0|0|内网IP|内网IP','127.0.0.1','Windows 10','Chrome'),(927,'zhangyukang','2020-03-22 03:46:47','内网IP|0|0|内网IP|内网IP','127.0.0.1','Windows 10','Chrome'),(928,'zhangyukang','2020-03-22 04:02:20','内网IP|0|0|内网IP|内网IP','127.0.0.1','Windows 10','Chrome'),(929,'zhangyukang','2020-03-22 11:02:59','内网IP|0|0|内网IP|内网IP','127.0.0.1','Windows 10','Chrome'),(930,'zhangyukang','2020-03-22 11:06:15','内网IP|0|0|内网IP|内网IP','127.0.0.1','Windows 10','Chrome'),(931,'zhangyukang','2020-03-22 13:19:29','内网IP|0|0|内网IP|内网IP','127.0.0.1','Mac OS X (iPhone)','Mobile Safari'),(932,'zhangyukang','2020-03-22 13:39:38','内网IP|0|0|内网IP|内网IP','127.0.0.1','Windows 10','Chrome'),(933,'zhangyukang','2020-03-22 13:40:22','内网IP|0|0|内网IP|内网IP','127.0.0.1','Windows 10','Chrome'),(934,'zhangyukang','2020-03-22 21:41:48','内网IP|0|0|内网IP|内网IP','127.0.0.1','Windows 10','Chrome'),(935,'zhangyukang','2020-03-22 21:45:16','内网IP|0|0|内网IP|内网IP','127.0.0.1','Windows 10','Chrome'),(936,'zhangyukang','2020-03-22 21:56:10','内网IP|0|0|内网IP|内网IP','127.0.0.1','Windows 10','Chrome'),(937,'系统测试人员','2020-03-22 21:56:31','内网IP|0|0|内网IP|内网IP','127.0.0.1','Windows 10','Chrome'),(938,'zhangyukang','2020-03-22 22:16:04','内网IP|0|0|内网IP|内网IP','127.0.0.1','Windows 10','Chrome'),(939,'系统测试人员','2020-03-22 22:23:00','内网IP|0|0|内网IP|内网IP','127.0.0.1','Windows 10','Chrome'),(956,'系统测试人员','2020-03-22 23:05:17','中国|华东|江西省|抚州市|移动','117.162.171.7','Windows 10','Chrome'),(958,'系统测试人员','2020-03-22 23:09:42','中国|华东|江西省|抚州市|移动','117.162.171.7','Windows 10','Chrome'),(959,'系统测试人员','2020-03-22 23:10:28','中国|华东|江西省|抚州市|移动','117.162.171.7','Windows 10','Chrome'),(960,'zhangyukang','2020-03-22 23:11:30','中国|华东|江西省|抚州市|移动','117.162.171.7','Windows 10','Chrome'),(961,'系统测试人员','2020-03-23 08:23:27','中国|华东|江西省|抚州市|移动','117.162.170.0','Windows 10','Chrome'),(962,'系统测试人员','2020-03-23 08:51:22','中国|华东|江西省|抚州市|移动','117.162.170.0','Windows 10','Chrome'),(963,'系统测试人员','2020-03-23 10:12:22','中国|华东|江西省|抚州市|移动','117.162.170.0','Windows 10','Chrome'),(964,'系统测试人员','2020-03-23 10:44:34','中国|华东|江西省|抚州市|移动','117.162.170.0','Windows 10','Chrome'),(965,'zhangyukang','2020-03-23 10:45:06','中国|华东|江西省|抚州市|移动','117.162.170.0','Windows 10','Chrome'),(966,'系统测试人员','2020-03-23 10:45:27','中国|华东|江西省|抚州市|移动','117.162.170.0','Windows 10','Chrome'),(967,'zhangyukang','2020-03-23 10:47:41','中国|华东|江西省|抚州市|移动','117.162.170.0','Windows 10','Chrome'),(968,'系统测试人员','2020-03-23 10:50:31','中国|华东|江西省|抚州市|移动','117.162.170.0','Windows 10','Chrome'),(969,'系统测试人员','2020-03-23 12:11:45','中国|华东|江西省|抚州市|移动','117.162.170.0','Windows 10','Chrome'),(970,'系统测试人员','2020-03-23 12:16:49','中国|华东|江西省|抚州市|移动','117.162.170.0','Windows 10','Chrome'),(971,'zhangyukang','2020-03-23 12:17:11','中国|华东|江西省|抚州市|移动','117.162.170.0','Windows 10','Chrome'),(975,'zhangyukang','2020-03-23 12:29:49','中国|华东|江西省|抚州市|移动','117.162.170.0','Windows 10','Chrome'),(976,'系统测试人员','2020-03-23 12:35:22','中国|华东|江西省|抚州市|移动','117.162.170.0','Windows 10','Chrome'),(977,'zhangyukang','2020-03-23 12:35:35','中国|华东|江西省|抚州市|移动','117.162.170.0','Windows 10','Chrome'),(978,'zhangyukang','2020-03-23 13:36:06','中国|华东|江西省|抚州市|移动','117.162.170.0','Windows 10','Chrome'),(979,'系统测试人员','2020-03-23 14:00:46','中国|华东|江西省|抚州市|移动','117.162.170.0','Windows 10','Chrome'),(980,'zhangyukang','2020-03-23 14:00:56','中国|华东|江西省|抚州市|移动','117.162.170.0','Windows 10','Chrome'),(981,'zhangyukang','2020-03-23 16:23:01','中国|华东|江西省|抚州市|移动','117.162.170.0','Windows 10','Chrome'),(982,'系统测试人员','2020-03-23 17:50:46','中国|西北|陕西省|0|移动','111.18.69.71','Windows 10','Chrome 8'),(983,'系统测试人员','2020-03-23 19:14:01','中国|华东|江苏省|苏州市|移动','183.209.117.134','Windows 7','Chrome'),(984,'系统测试人员','2020-03-24 00:53:44','中国|华东|安徽省|0|移动','120.242.253.28','Mac OS X','Chrome'),(985,'系统测试人员','2020-03-24 00:56:03','中国|华东|江西省|南昌市|电信','59.63.204.200','Android Mobile','Chrome Mobile'),(986,'系统测试人员','2020-03-24 00:56:29','中国|华东|安徽省|0|移动','120.242.253.28','Windows XP','Chrome'),(987,'zhangyukang','2020-03-24 07:47:34','中国|0|0|0|移动','117.136.125.48','Android Mobile','Chrome Mobile'),(988,'zhangyukang','2020-03-24 08:30:57','中国|华东|江西省|抚州市|移动','117.162.170.0','Windows 10','Chrome'),(989,'系统测试人员','2020-03-24 09:01:40','中国|华东|江西省|抚州市|移动','117.162.170.0','Windows 10','Chrome'),(990,'系统测试人员','2020-03-24 09:12:52','中国|华南|广东省|湛江市|移动','120.238.221.101','Windows 10','Chrome 8'),(991,'系统测试人员','2020-03-24 09:13:50','中国|华南|广东省|广州市|电信','219.135.155.76','Windows 10','Chrome 8'),(992,'系统测试人员','2020-03-24 09:18:47','中国|华南|广东省|湛江市|移动','120.238.221.101','Windows 10','Chrome 8'),(993,'系统测试人员','2020-03-24 09:23:14','中国|华南|广东省|湛江市|移动','120.238.221.101','Windows 10','Chrome 8'),(994,'系统测试人员','2020-03-24 09:23:27','中国|华南|广东省|湛江市|移动','120.238.221.101','Windows 10','Chrome 8'),(995,'系统测试人员','2020-03-24 09:28:25','中国|华北|天津市|天津市|教育网','121.193.162.106','Windows 10','Chrome'),(1003,'9c07a0','2020-03-24 10:24:42','中国|华东|江西省|抚州市|移动','117.162.170.0','Windows 10','Chrome'),(1005,'系统测试人员','2020-03-24 11:16:55','中国|华南|广东省|湛江市|移动','120.238.221.101','Windows 10','Chrome 8'),(1006,'zhangyukang','2020-03-24 11:41:24','中国|华东|江西省|抚州市|移动','117.162.170.0','Windows 10','Chrome'),(1007,'系统测试人员','2020-03-24 11:48:16','中国|华东|上海市|上海市|联通','58.247.98.202','Mac OS X','Chrome 8'),(1008,'系统测试人员','2020-03-24 12:10:23','中国|华中|湖南省|长沙市|电信','113.220.212.193','Windows 7','Chrome'),(1011,'系统测试人员','2020-03-24 13:18:34','中国|华中|湖南省|长沙市|电信','113.220.212.193','Windows 7','Chrome'),(1014,'zhangyukang','2020-03-24 16:23:35','中国|华东|江西省|抚州市|移动','117.162.170.0','Windows 10','Chrome'),(1019,'zhangyukang','2020-03-24 21:11:48','中国|华东|江西省|抚州市|移动','117.162.170.0','Windows 10','Chrome'),(1020,'系统测试人员','2020-03-24 21:53:49','中国|华南|广东省|深圳市|电信','121.35.1.81','Windows 10','Chrome'),(1023,'系统测试人员','2020-03-25 09:21:28','中国|华南|广东省|广州市|电信','59.41.160.49','Android Mobile','Chrome Mobile'),(1024,'zhangyukang','2020-03-25 11:02:26','中国|华东|江西省|抚州市|移动','117.162.170.0','Windows 10','Chrome'),(1025,'系统测试人员','2020-03-25 11:20:34','中国|华东|福建省|厦门市|移动','183.251.93.95','Mac OS X','Chrome 8'),(1026,'zhangyukang','2020-03-25 11:25:47','中国|华东|江西省|抚州市|移动','117.162.170.0','Windows 10','Chrome'),(1027,'系统测试人员','2020-03-25 11:34:25','中国|华东|江西省|南昌市|联通','171.34.46.214','Windows 7','Firefox 7'),(1028,'zhangyukang','2020-03-25 13:02:58','中国|华东|江西省|抚州市|移动','117.162.170.0','Windows 10','Chrome'),(1030,'系统测试人员','2020-03-25 16:11:18','中国|华南|广东省|广州市|电信','59.41.160.49','Windows 10','Chrome 8'),(1031,'zhangyukang','2020-03-25 19:01:33','中国|华东|江西省|抚州市|移动','117.162.170.0','Windows 10','Chrome'),(1032,'系统测试人员','2020-03-26 01:55:51','中国|华北|北京市|北京市|鹏博士','117.100.150.198','Windows 10','Chrome 8'),(1033,'zhangyukang','2020-03-26 07:29:31','中国|华东|江西省|抚州市|移动','117.162.171.145','Windows 10','Chrome'),(1034,'系统测试人员','2020-03-26 12:57:16','中国|华南|广东省|湛江市|移动','120.238.221.101','Windows 10','Chrome 8'),(1035,'zhangyukang','2020-03-26 13:39:51','中国|华东|江西省|抚州市|移动','117.162.171.145','Windows 10','Chrome'),(1036,'系统测试人员','2020-03-26 14:20:04','中国|华中|河南省|郑州市|联通','219.157.202.111','Windows 10','Chrome 8'),(1037,'系统测试人员','2020-03-26 16:06:08','中国|华东|浙江省|杭州市|移动','112.17.99.4','Windows 10','Chrome'),(1038,'系统测试人员','2020-03-26 16:13:49','中国|华东|浙江省|杭州市|移动','112.17.99.4','Windows 10','Chrome'),(1039,'系统测试人员','2020-03-26 22:43:03','中国|华北|内蒙古自治区|呼和浩特市|电信','121.56.30.216','Windows 10','Firefox 7'),(1040,'系统测试人员','2020-03-27 16:28:45','中国|华北|北京市|北京市|0','43.243.12.8','Windows 10','Chrome 8'),(1041,'系统测试人员','2020-03-27 17:25:20','中国|华中|河南省|洛阳市|联通','115.50.60.52','Windows 10','Chrome 8'),(1042,'zhangyukang','2020-03-27 17:41:26','中国|华东|江西省|抚州市|移动','117.162.171.145','Windows 10','Chrome'),(1043,'zhangyukang','2020-03-27 20:40:59','中国|华东|江西省|抚州市|移动','117.162.171.145','Windows 10','Chrome');
/*!40000 ALTER TABLE `tb_login_log` ENABLE KEYS */;
UNLOCK TABLES;

--
-- Table structure for table `tb_menu`
--

DROP TABLE IF EXISTS `tb_menu`;
/*!40101 SET @saved_cs_client     = @@character_set_client */;
/*!50503 SET character_set_client = utf8mb4 */;
CREATE TABLE `tb_menu` (
  `id` bigint(20) NOT NULL AUTO_INCREMENT COMMENT '菜单/按钮ID',
  `parent_id` bigint(20) DEFAULT NULL COMMENT '上级菜单ID',
  `menu_name` varchar(50) NOT NULL COMMENT '菜单/按钮名称',
  `url` varchar(50) DEFAULT NULL COMMENT '菜单URL',
  `perms` text COMMENT '权限标识',
  `icon` varchar(50) DEFAULT NULL COMMENT '图标',
  `type` char(2) NOT NULL COMMENT '类型 0菜单 1按钮',
  `order_num` bigint(20) DEFAULT NULL COMMENT '排序',
  `create_time` datetime NOT NULL COMMENT '创建时间',
  `modified_time` datetime DEFAULT NULL COMMENT '修改时间',
  `available` int(11) DEFAULT '1' COMMENT '0：不可用，1：可用',
  `open` int(1) DEFAULT '1' COMMENT '0:不展开，1：展开',
  PRIMARY KEY (`id`) USING BTREE
) ENGINE=InnoDB AUTO_INCREMENT=306 DEFAULT CHARSET=utf8 ROW_FORMAT=DYNAMIC COMMENT='菜单表';
/*!40101 SET character_set_client = @saved_cs_client */;

--
-- Dumping data for table `tb_menu`
--

LOCK TABLES `tb_menu` WRITE;
/*!40000 ALTER TABLE `tb_menu` DISABLE KEYS */;
INSERT INTO `tb_menu` VALUES (1,0,'系统管理','',NULL,'el-icon-setting','0',1,'2020-03-07 17:41:30','2020-03-22 22:54:20',1,0),(4,1,'菜单权限','/menus',NULL,'el-icon-help','0',3,'2020-03-07 18:57:42','2020-03-20 11:50:46',1,0),(5,0,'日志管理','/logs',NULL,'el-icon-camera','0',5,'2020-03-07 18:58:18','2020-03-22 22:19:32',1,1),(226,1,'用户管理','/users','users','el-icon-user','0',2,'2020-03-10 05:27:54','2020-03-21 11:18:17',1,0),(229,0,'物资管理','','el-icon-date','el-icon-date','0',1,'2020-03-10 05:34:08','2020-03-22 22:54:06',1,1),(230,229,'物资入库','/inStocks','el-icon-date','el-icon-date','0',1,'2020-03-10 05:34:28','2020-03-19 02:24:33',1,0),(234,226,'用户添加','','user:add','el-icon-plus','1',1,'2020-03-10 05:50:44','2020-03-10 07:51:56',1,0),(235,1,'角色管理','/roles','','el-icon-postcard','0',3,'2020-03-10 05:51:28','2020-03-14 05:09:56',1,0),(239,226,'用户删除','','user:delete','el-icon-picture','1',1,'2020-03-10 06:05:30','2020-03-10 08:10:19',1,0),(240,226,'用户编辑','','user:edit','el-icon-video-camera-solid','1',1,'2020-03-10 06:06:30','2020-03-10 07:52:28',1,0),(241,235,'角色编辑','','role:edit','el-icon-s-promotion','1',2,'2020-03-10 06:11:03','2020-03-11 11:40:19',1,0),(242,235,'角色删除','','role:delete','el-icon-s-marketing','1',3,'2020-03-10 06:15:29','2020-03-11 11:43:36',1,0),(247,4,'添加菜单','','menu:add','el-icon-s-opportunity','1',1,'2020-03-10 07:55:10','2020-03-15 13:29:21',1,0),(249,4,'修改菜单','','menu:update','el-icon-share','1',2,'2020-03-10 07:56:55','2020-03-15 13:29:29',1,0),(250,4,'删除菜单','','menu:delete','el-icon-folder-opened','1',3,'2020-03-10 07:57:38','2020-03-15 13:29:41',1,0),(251,235,'分配权限','','role:authority','el-icon-document-add','1',1,'2020-03-10 08:13:22','2020-03-11 11:39:30',1,0),(253,1,'欢迎页面','/welcome','welcome:view','el-icon-star-off','0',1,'2020-03-10 08:46:44','2020-03-15 12:29:32',1,0),(254,226,'分配角色','','user:assgin','el-icon-s-tools','1',3,'2020-03-11 01:32:29','2020-03-14 04:56:13',1,0),(255,235,'添加角色','','role:add','el-icon-help','1',1,'2020-03-11 01:34:18','2020-03-11 01:34:18',1,0),(256,226,'禁用用户','','user:status','el-icon-circle-close','1',1,'2020-03-11 06:50:04','2020-03-14 05:05:49',1,0),(258,226,'用户更新','','user:update','el-icon-refresh','1',1,'2020-03-11 08:26:54','2020-03-11 08:26:54',1,0),(259,235,'角色更新','','role:update','el-icon-refresh-left','1',1,'2020-03-11 11:45:20','2020-03-11 11:45:20',1,0),(260,235,'状态更新','','role:status','el-icon-refresh','1',1,'2020-03-14 05:07:02','2020-03-14 05:07:24',1,0),(261,1,'部门管理','/departments','','el-icon-s-home','0',3,'2020-03-15 06:05:48','2020-03-22 22:53:42',1,0),(262,261,'添加部门','','department:add','el-icon-plus','1',1,'2020-03-15 11:57:42','2020-03-21 12:37:21',1,0),(263,261,'编辑院系','','department:edit','el-icon-edit','1',1,'2020-03-15 11:59:52','2020-03-15 12:16:36',1,0),(264,261,'更新院系','','department:update','el-icon-refresh','1',1,'2020-03-15 12:02:34','2020-03-15 12:16:32',1,0),(265,261,'删除院系',NULL,'department:delete','el-icon-delete','1',1,'2020-03-15 12:03:21','2020-03-15 12:03:21',1,0),(267,229,'物资资料','/products','','el-icon-goods','0',2,'2020-03-16 09:01:02','2020-03-24 10:13:55',1,0),(268,229,'物资类别','/productCategorys','','el-icon-star-off','0',2,'2020-03-16 09:01:48','2020-03-22 22:45:40',1,0),(269,229,'物资来源','/suppliers','','el-icon-coordinate','0',5,'2020-03-16 12:35:10','2020-03-22 22:46:24',1,0),(270,229,'物资发放','','','el-icon-goods','0',5,'2020-03-16 13:55:49','2020-03-22 22:39:01',1,1),(271,5,'登入日志','/loginLog','login:log','el-icon-date','0',1,'2020-03-20 10:31:12','2020-03-22 22:19:38',1,1),(272,0,'疫情地图',NULL,NULL,'el-icon-help','0',2,'2020-03-20 19:29:40','2020-03-24 10:25:32',1,0),(273,272,'全国疫情','/map','map:view','el-icon-s-opportunity','0',1,'2020-03-20 11:32:02','2020-03-20 11:32:02',1,1),(274,267,'添加物资','','product:add','el-icon-s-opportunity','1',1,'2020-03-21 02:04:24','2020-03-21 02:04:24',1,0),(275,267,'删除物资',NULL,'product:delete','el-icon-c-scale-to-original','1',2,'2020-03-21 02:04:55','2020-03-21 02:04:55',1,0),(276,267,'上传图片',NULL,'upload:image','el-icon-finished','1',2,'2020-03-21 02:05:21','2020-03-21 02:05:21',1,0),(277,267,'更新物资',NULL,'product:update','el-icon-folder','1',3,'2020-03-21 02:05:56','2020-03-21 02:05:56',1,0),(278,267,'编辑物资',NULL,'product:edit','el-icon-edit','1',1,'2020-03-21 02:06:23','2020-03-21 02:06:23',1,0),(279,269,'删除来源','','supplier:delete','el-icon-document-delete','1',1,'2020-03-21 02:17:29','2020-03-21 12:32:22',1,0),(280,269,'更新来源','','supplier:update','el-icon-paperclip','1',1,'2020-03-21 02:18:34','2020-03-21 12:36:41',1,0),(281,269,'添加来源',NULL,'supplier:add','el-icon-document-add','1',1,'2020-03-21 02:19:02','2020-03-21 02:19:02',1,1),(282,269,'编辑来源',NULL,'supplier:edit','el-icon-scissors','1',2,'2020-03-21 02:19:36','2020-03-21 02:19:36',1,1),(283,268,'添加类别','','productCategory:add',' el-icon-folder-add','1',1,'2020-03-21 02:26:12','2020-03-21 02:44:22',1,0),(284,268,'删除类别',NULL,'productCategory:delete','el-icon-delete','1',1,'2020-03-21 02:27:05','2020-03-21 02:28:49',1,0),(285,268,'编辑类别',NULL,'productCategory:edit','el-icon-scissors','1',2,'2020-03-21 02:27:42','2020-03-21 02:27:42',1,0),(286,268,'更新类别',NULL,'productCategory:update',' el-icon-coordinate','1',1,'2020-03-21 02:28:17','2020-03-21 02:28:17',1,0),(295,0,'其他管理','','','el-icon-s-marketing','0',10,'2020-03-22 01:21:56','2020-03-24 10:25:16',1,0),(296,295,'swagger文档','/swagger',NULL,'el-icon-document','0',1,'2020-03-22 01:22:48','2020-03-22 01:35:53',1,0),(297,295,'监控管理','','','el-icon-warning','0',1,'2020-03-22 02:47:10','2020-03-22 02:47:10',1,0),(298,297,'SQL监控','/druid',NULL,'el-icon-view','0',1,'2020-03-22 02:48:05','2020-03-22 02:49:50',1,0),(299,271,'删除日志','','loginLog:delete','el-icon-delete','1',1,'2020-03-22 21:55:44','2020-03-22 21:55:44',1,0),(300,271,'批量删除','','loginLog:batchDelete','el-icon-delete-solid','1',1,'2020-03-22 22:19:26','2020-03-22 22:19:26',1,0),(301,4,'编辑菜单','','menu:edit','el-icon-edit','1',1,'2020-03-22 23:12:25','2020-03-22 23:12:25',1,0),(302,272,'可口可乐','','','el-icon-edit','0',1,'2020-03-24 01:02:09','2020-03-24 08:31:57',1,0),(303,0,'健康报备','','','el-icon-platform-eleme','0',1,'2020-03-24 10:11:53','2020-03-24 10:26:54',1,1),(304,303,'健康打卡','','','el-icon-s-cooperation','0',1,'2020-03-24 10:12:57','2020-03-24 10:12:57',1,0),(305,303,'查看情况',NULL,NULL,'el-icon-c-scale-to-original','0',2,'2020-03-24 10:13:49','2020-03-24 10:16:44',1,1);
/*!40000 ALTER TABLE `tb_menu` ENABLE KEYS */;
UNLOCK TABLES;

--
-- Table structure for table `tb_role`
--

DROP TABLE IF EXISTS `tb_role`;
/*!40101 SET @saved_cs_client     = @@character_set_client */;
/*!50503 SET character_set_client = utf8mb4 */;
CREATE TABLE `tb_role` (
  `id` bigint(20) NOT NULL AUTO_INCREMENT COMMENT '角色ID',
  `role_name` varchar(100) NOT NULL COMMENT '角色名称',
  `remark` varchar(100) DEFAULT NULL COMMENT '角色描述',
  `create_time` datetime NOT NULL COMMENT '创建时间',
  `modified_time` datetime DEFAULT NULL COMMENT '修改时间',
  `status` int(1) DEFAULT '1' COMMENT '是否可用,0:不可用，1：可用',
  PRIMARY KEY (`id`) USING BTREE
) ENGINE=InnoDB AUTO_INCREMENT=142 DEFAULT CHARSET=utf8 ROW_FORMAT=DYNAMIC COMMENT='角色表';
/*!40101 SET character_set_client = @saved_cs_client */;

--
-- Dumping data for table `tb_role`
--

LOCK TABLES `tb_role` WRITE;
/*!40000 ALTER TABLE `tb_role` DISABLE KEYS */;
INSERT INTO `tb_role` VALUES (2,'注册账户','注册账户，拥有查看','2019-06-14 00:00:00','2020-03-11 01:41:35',1),(77,'Redis监控员','负责Redis模块','2019-06-14 20:49:22','2019-11-11 16:46:57',1),(78,'系统监控员','负责整个系统监控模块','2019-06-14 20:50:07','2019-11-11 22:30:02',1),(79,'跑批人员','负责任务调度跑批模块','2019-06-14 20:51:02','2019-11-16 10:42:54',1),(80,'开发人员','拥有代码生成模块的权限','2019-06-14 20:51:26','2019-11-11 16:47:05',1),(105,'java程序员~','java程序员，java程序员','2019-11-11 00:00:00','2020-03-09 12:06:55',1),(125,'测试用户','测试用户','2019-11-15 18:59:19','2019-11-15 18:59:19',1),(126,'蔡徐坤','美国校队队长','2019-11-22 15:57:08','2019-11-22 15:57:08',1),(127,'鹿晗','铁血硬汉','2019-11-22 15:57:32','2019-11-22 15:57:32',1),(128,'乔碧萝','美落天仙','2019-11-22 15:58:00','2019-11-22 15:58:00',1),(135,'用户添加人员','只拥有用户添加的权限','2020-03-11 02:39:57','2020-03-11 02:39:57',1),(136,'进货员','采购口罩的帅哥，拥有采购商品的权限','2020-03-11 00:00:00','2020-03-11 03:12:38',1),(137,'linux运维人员','负责产品的运维。','2020-03-11 03:13:29','2020-03-11 03:13:29',1),(138,'测试员工','登入测试系统的员工，无删除，无修改权限','2020-03-14 04:57:52','2020-03-14 04:57:52',1),(139,'辅导员老师','可以查看学生健康报备的详细情况','2020-03-15 05:15:31','2020-03-15 05:15:31',1),(140,'系主任','系主任，管理院系。','2020-03-15 10:49:20','2020-03-15 10:49:20',1),(141,'物资入库操作员','角色拥有物资管理入库的权限','2020-03-24 00:00:00','2020-03-24 10:23:36',1);
/*!40000 ALTER TABLE `tb_role` ENABLE KEYS */;
UNLOCK TABLES;

--
-- Table structure for table `tb_role_menu`
--

DROP TABLE IF EXISTS `tb_role_menu`;
/*!40101 SET @saved_cs_client     = @@character_set_client */;
/*!50503 SET character_set_client = utf8mb4 */;
CREATE TABLE `tb_role_menu` (
  `role_id` bigint(20) NOT NULL COMMENT '角色ID',
  `menu_id` bigint(20) NOT NULL COMMENT '菜单/按钮ID'
) ENGINE=InnoDB DEFAULT CHARSET=utf8 ROW_FORMAT=DYNAMIC COMMENT='角色菜单关联表';
/*!40101 SET character_set_client = @saved_cs_client */;

--
-- Dumping data for table `tb_role_menu`
--

LOCK TABLES `tb_role_menu` WRITE;
/*!40000 ALTER TABLE `tb_role_menu` DISABLE KEYS */;
INSERT INTO `tb_role_menu` VALUES (105,7),(105,6),(80,247),(80,250),(80,227),(80,1),(80,4),(80,5),(77,1),(77,240),(77,235),(77,251),(77,255),(77,259),(77,260),(77,241),(77,242),(77,267),(77,226),(77,229),(1,226),(1,256),(1,258),(1,254),(1,265),(1,249),(1,235),(1,260),(1,242),(1,267),(1,5),(1,227),(1,228),(1,1),(1,261),(1,4),(1,229),(78,261),(78,263),(78,264),(78,226),(78,239),(78,4),(78,247),(78,249),(78,250),(78,281),(78,5),(78,227),(78,1),(78,229),(78,269),(126,267),(126,274),(126,278),(126,275),(126,276),(126,277),(126,272),(126,273),(126,229),(139,263),(139,265),(139,249),(139,230),(139,284),(139,286),(139,281),(139,272),(139,273),(139,5),(139,227),(139,271),(139,289),(139,1),(139,261),(139,4),(139,229),(139,268),(139,269),(138,253),(138,234),(138,240),(138,256),(138,258),(138,247),(138,301),(138,249),(138,255),(138,259),(138,260),(138,241),(138,262),(138,263),(138,264),(138,230),(138,267),(138,274),(138,278),(138,276),(138,277),(138,268),(138,283),(138,286),(138,285),(138,280),(138,281),(138,282),(138,270),(138,295),(138,296),(138,297),(138,298),(138,303),(138,304),(138,305),(138,273),(138,1),(138,226),(138,4),(138,235),(138,261),(138,229),(138,269),(138,272),(141,1),(141,253),(141,230),(141,272),(141,273),(141,302),(141,229),(2,1),(2,226),(2,234),(2,239),(2,240),(2,256),(2,258),(2,254),(2,250),(2,261),(2,262),(2,263),(2,264),(2,265),(2,229),(2,267),(2,274),(2,278),(2,275),(2,276),(2,277),(2,269),(2,279),(2,280),(2,281),(2,282),(2,303),(2,304),(2,305),(2,5),(2,271),(2,299),(2,300),(2,4);
/*!40000 ALTER TABLE `tb_role_menu` ENABLE KEYS */;
UNLOCK TABLES;

--
-- Table structure for table `tb_user`
--

DROP TABLE IF EXISTS `tb_user`;
/*!40101 SET @saved_cs_client     = @@character_set_client */;
/*!50503 SET character_set_client = utf8mb4 */;
CREATE TABLE `tb_user` (
  `id` bigint(20) NOT NULL AUTO_INCREMENT COMMENT '用户ID',
  `username` varchar(50) NOT NULL COMMENT '用户名',
  `nickname` varchar(20) DEFAULT NULL,
  `email` varchar(128) DEFAULT NULL COMMENT '邮箱',
  `avatar` text COMMENT '头像',
  `phone_number` varchar(20) DEFAULT NULL COMMENT '联系电话',
  `status` int(1) NOT NULL COMMENT '状态 0锁定 1有效',
  `create_time` datetime NOT NULL COMMENT '创建时间',
  `modified_time` datetime DEFAULT NULL COMMENT '修改时间',
  `sex` int(1) DEFAULT NULL COMMENT '性别 0男 1女 2保密',
  `salt` varchar(255) DEFAULT NULL COMMENT '盐',
  `type` int(11) NOT NULL DEFAULT '1' COMMENT '0:超级管理员，1：系统用户',
  `password` varchar(128) NOT NULL COMMENT '密码',
  `birth` date DEFAULT NULL,
  PRIMARY KEY (`id`) USING BTREE
) ENGINE=InnoDB AUTO_INCREMENT=185 DEFAULT CHARSET=utf8 ROW_FORMAT=DYNAMIC COMMENT='用户表';
/*!40101 SET character_set_client = @saved_cs_client */;

--
-- Dumping data for table `tb_user`
--

LOCK TABLES `tb_user` WRITE;
/*!40000 ALTER TABLE `tb_user` DISABLE KEYS */;
INSERT INTO `tb_user` VALUES (1,'zhangyukang','zhangyu','mrbird@qq.com','http://thirdqq.qlogo.cn/g?b=oidb&k=icTYjyV5afABvE1v4ge9SLg&s=100&t=1582796048','17788888888',1,'2019-12-03 11:00:37','2020-03-08 01:54:44',1,'F63E9570-1DED-4BFA-9663-4FF2E82140C4',0,'80af0604a3695df1b2f747027be7eafa','2020-03-08'),(2,'Scott1','zhangyu','scott@gmail.com','/resources/images/face.jpg','17722222222',1,'2019-06-14 20:55:53','2020-03-23 12:26:37',0,NULL,1,'1d685729d113cfd03872f154939bee1c','2020-03-03'),(3,'Reina','zhangyu~','Reina@hotmail.com','/resources/images/face.jpg','17711111111',1,'2019-06-14 21:07:38','2020-03-10 01:27:23',0,NULL,1,'1461afff857c02afbfb768aa3771503d','2020-03-17'),(4,'Micaela','(NULL)zhangyu','Micaela@163.com','https://shiro.mrbird.cn:8080/febs/images/avatar/default.jpg','17733333333',1,'2019-06-14 21:10:13','2019-11-23 12:20:12',0,NULL,1,'9f2daa2c7bed6870fcbb5b9a51d6300e','2020-03-08'),(5,'Jana','zhangyu','Jana@126.com','https://shiro.mrbird.cn:8080/febs/images/avatar/cnrhVkzwxjPwAaCfPbdc.png','17744444444',1,'2019-06-14 21:12:16','2020-03-19 04:20:40',0,'E46E184B-BAE5-4EE0-B3D9-674A04F37DDE',1,'9690bbd5a58d2eeefb0b7ca1324a1dca','2020-03-27'),(6,'Georgie','zhangyu','Georgie@qq.com','https://shiro.mrbird.cn:8080/febs/images/avatar/default.jpg','17766666666',0,'2019-06-14 21:15:09','2020-03-09 04:01:24',1,NULL,1,'dffc683378cdaa015a0ee9554c532225','2020-03-25'),(42,'coderman','zhangyu','zhangyukang@qq.com','http://badidol.com/uploads/images/avatars/201910/24/18_1571921832_HG9E55x9NY.jpg','13426528317',1,'2020-03-08 10:26:47','2020-03-09 03:46:41',1,'980783d3-618f-4b91-a7b8-9b9fafa6',1,'23c2a4e509ab9ab6f46ef35df9127c1d','2020-03-13'),(54,'coderman','zhangyu','zhangyukang@qq.com','http://badidol.com/uploads/images/avatars/201910/24/18_1571921832_HG9E55x9NY.jpg','13426528317',1,'2020-03-08 10:32:54','2020-03-26 16:14:08',1,'7e00d9ad-2706-4ab7-8baa-155a2235',1,'f27a2c2bcd2f742f1196e0f96cbb0507','2020-04-03'),(55,'coderman','zhangyu','zhangyukang@qq.com','http://badidol.com/uploads/images/avatars/201910/24/18_1571921832_HG9E55x9NY.jpg','13426528317',1,'2020-03-08 10:32:57','2020-03-09 03:51:56',1,'00f68ad3-3a85-4323-bcb4-0af41d4c',1,'d5fe4ee094895c35c0dc40fbd0befe83','2020-03-12'),(56,'coderman','zhangyu','zhangyukang@qq.com','http://badidol.com/uploads/images/avatars/201910/24/18_1571921832_HG9E55x9NY.jpg','13426528317',1,'2020-03-08 10:33:00','2020-03-08 10:33:00',1,'37eb6e49-8ead-404f-9325-93fc9507',1,'5bf3d15435f5d970292d28f44d0cde1a','2020-03-20'),(67,'xizhang','zhangyu','zhangyukang@qq.com','http://badidol.com/uploads/images/avatars/201910/24/18_1571921832_HG9E55x9NY.jpg','13426528317',0,'2020-03-08 10:59:33','2020-03-08 10:59:33',1,'7fc38a7e-a509-4282-9ae4-6fda9a4c',1,'3f3f4e9eb26d6a8ed86884776a18a493','2020-03-24'),(69,'coderman','zhangyu','zhangyukang@qq.com','http://badidol.com/uploads/images/avatars/201910/24/18_1571921832_HG9E55x9NY.jpg','13426528317',1,'2020-03-08 11:02:39','2020-03-09 03:44:36',1,'ded0c6c5-36aa-4c81-a28b-22854d4b',1,'a4a36a084752c5edbb404a87cecabb83','2020-03-22'),(71,'huangjing','xiaohuang','30531614@163.com','http://badidol.com/uploads/images/avatars/201910/24/18_1571921832_HG9E55x9NY.jpg','15079437282',1,'2020-03-08 11:08:58','2020-03-09 05:26:15',0,'fb90be8e-c71a-4ee0-81aa-2acc4197',1,'ffd25a3b6d3cc7fb0e2b7ae99cd72cfd','2020-03-06'),(72,'章宇康','kangs~','zhang@qq.com','http://badidol.com/uploads/images/avatars/201910/24/18_1571921832_HG9E55x9NY.jpg','15079437282',0,'2020-03-08 11:18:35','2020-03-09 05:26:08',0,'7a235999-57c5-488e-85cf-54cb216d',1,'98ed1a23386f76486fc65a359e32817e','2020-03-03'),(74,'2313','123213','1232323@qq.com','http://badidol.com/uploads/images/avatars/201910/24/18_1571921832_HG9E55x9NY.jpg','15245141241',1,'2020-03-08 11:33:14','2020-03-10 01:28:27',0,'566fc473-2781-44b3-ae6c-666606e1',1,'587d62b2ec410f30d970ac2f42046c6c','2020-03-24'),(75,'coderman2','nickname','3053161401@qq.com','http://badidol.com/uploads/images/avatars/201910/24/18_1571921832_HG9E55x9NY.jpg','13426524512',1,'2020-03-09 01:30:31','2020-03-09 03:57:52',1,'fa74ca50-6e42-4c5d-a454-39e6fe06',1,'e8c84adc4ef37e7d1385aa774e9431b0','2020-03-23'),(76,'xiaopie','nanana','3051215@qq.com','http://badidol.com/uploads/images/avatars/201910/24/18_1571921832_HG9E55x9NY.jpg','13426521215',1,'2020-03-09 01:33:09','2020-03-09 03:49:32',1,'cf94c27b-b752-4d9d-a4a9-d096f166',1,'2e2a3935ec97359657d82bfb88b3175f','2020-03-30'),(77,'xiaope','kimikn','3053161401@qq.com','http://badidol.com/uploads/images/avatars/201910/24/18_1571921832_HG9E55x9NY.jpg','15079437282',1,'2020-03-09 01:40:03','2020-03-09 01:40:03',1,'b5f9288d-1691-443f-99ff-a4ac2773',1,'863123f92dc86ce62d27245ec758335e','2020-03-16'),(78,'uttest','setast','3053161401@qq.com','http://badidol.com/uploads/images/avatars/201910/24/18_1571921832_HG9E55x9NY.jpg','13425124541',1,'2020-03-09 01:59:52','2020-03-09 03:45:37',0,'cd58a932-72d1-4a79-b3ef-cf8ed38c',1,'82a9345697d86864798daeba24656a6c','2020-03-18'),(79,'9c07a0','喜欢123','efbc7@qq.com','http://badidol.com/uploads/images/avatars/201910/24/18_1571921832_HG9E55x9NY.jpg','13656451241',1,'2020-03-09 02:08:56','2020-03-09 03:52:09',1,'b1f83d88-c843-46fb-8125-0934fe84cf4e',1,'0ae4c4e4a50dfcf5132e2d7041de0841','2020-03-19'),(80,'4f9dac','xiaohfdsa','b5501@qq.com','http://badidol.com/uploads/images/avatars/201910/24/18_1571921832_HG9E55x9NY.jpg','13521245214',1,'2020-03-09 02:08:57','2020-03-09 03:39:47',0,'8a8b902e-cf22-48c0-b749-944a7e690452',1,'6dd80bb758f15cae9140dccb7bc57a4c','2020-03-09'),(81,'0ae292','febsc','5a7d0@qq.com','http://badidol.com/uploads/images/avatars/201910/24/18_1571921832_HG9E55x9NY.jpg','13425621245',1,'2020-03-09 02:08:57','2020-03-14 09:09:51',1,'14621dcf-183b-4816-8d64-7670cc4b9928',1,'98993da499514930dea786f87a7f436e','2020-03-09'),(82,'a005f0',NULL,'9bf21@qq.com','http://badidol.com/uploads/images/avatars/201910/24/18_1571921832_HG9E55x9NY.jpg',NULL,1,'2020-03-09 02:08:57','2020-03-09 02:08:57',NULL,'7f9b8b5e-5f19-4e93-8c8f-a8c8008ef9d1',1,'efd4c6109bf31c93c7774b8dff33c14c','2020-03-09'),(83,'ca8e5f',NULL,'b2057@qq.com','http://badidol.com/uploads/images/avatars/201910/24/18_1571921832_HG9E55x9NY.jpg',NULL,0,'2020-03-09 02:08:57','2020-03-09 02:08:57',NULL,'8ea79234-e0e9-4825-a501-651146784193',1,'5a762b35513273572643732c4224c2ca','2020-03-09'),(84,'73b298',NULL,'ab361@qq.com','http://badidol.com/uploads/images/avatars/201910/24/18_1571921832_HG9E55x9NY.jpg',NULL,1,'2020-03-09 02:08:57','2020-03-09 02:08:57',NULL,'e1665066-f984-4a1e-a0ed-1a2ccc175694',1,'d51156a36bf8b3ae847c39c26e5f2dd2','2020-03-09'),(85,'c69df1',NULL,'46319@qq.com','http://badidol.com/uploads/images/avatars/201910/24/18_1571921832_HG9E55x9NY.jpg',NULL,0,'2020-03-09 02:08:57','2020-03-09 02:08:57',NULL,'f72f8b4e-1b39-4ec2-a9d8-524bfee2d2d4',1,'4cf19a98912a2854924d19d650c3179f','2020-03-09'),(86,'265f4f',NULL,'fa10a@qq.com','http://badidol.com/uploads/images/avatars/201910/24/18_1571921832_HG9E55x9NY.jpg',NULL,0,'2020-03-09 02:08:57','2020-03-09 02:08:57',NULL,'f1261ed6-bc65-4b74-9571-a40562b8073b',1,'623ae1075f296dbdc9f2af3c82d10bcc','2020-03-09'),(87,'844bcc',NULL,'7674f@qq.com','http://badidol.com/uploads/images/avatars/201910/24/18_1571921832_HG9E55x9NY.jpg',NULL,1,'2020-03-09 02:08:57','2020-03-09 02:08:57',NULL,'10a0f209-0e87-4a9c-9ec0-45b69fc5510b',1,'eeded64da4b37869a72a19772f0f600e','2020-03-09'),(88,'39687e',NULL,'8ea49@qq.com','http://badidol.com/uploads/images/avatars/201910/24/18_1571921832_HG9E55x9NY.jpg',NULL,1,'2020-03-09 02:08:57','2020-03-09 02:08:57',NULL,'172714c0-dac7-466f-906b-d073fde4527b',1,'9b905241ce2bab1555471ce4d7f5cfe5','2020-03-09'),(89,'32c5a6',NULL,'e9b70@qq.com','http://badidol.com/uploads/images/avatars/201910/24/18_1571921832_HG9E55x9NY.jpg',NULL,1,'2020-03-09 02:08:57','2020-03-09 02:08:57',NULL,'f69446ef-5db0-48ef-a54d-2e8971d9c006',1,'704dfafc0d09035c0ace3ab86dd10009','2020-03-09'),(90,'d68360',NULL,'60e55@qq.com','http://badidol.com/uploads/images/avatars/201910/24/18_1571921832_HG9E55x9NY.jpg',NULL,1,'2020-03-09 02:08:57','2020-03-09 02:08:57',NULL,'43881635-8d49-4900-b90b-dac465c40045',1,'64c90dcbd2cc8c22ae644efae7aa235f','2020-03-09'),(94,'6b551c',NULL,'789b4@qq.com','http://badidol.com/uploads/images/avatars/201910/24/18_1571921832_HG9E55x9NY.jpg',NULL,0,'2020-03-09 02:08:57','2020-03-09 02:08:57',NULL,'d7562c1c-2f5e-4f41-b240-81f024ea156d',1,'a9823c3147891c4b10cc640916fa6f85','2020-03-09'),(95,'2efb3a',NULL,'5a7eb@qq.com','http://badidol.com/uploads/images/avatars/201910/24/18_1571921832_HG9E55x9NY.jpg',NULL,0,'2020-03-09 02:08:57','2020-03-09 02:08:57',NULL,'1013e75c-305b-405a-b790-81a412c3e36b',1,'ca33866e66882e52a1c1a159ee09cba2','2020-03-09'),(96,'946fcc',NULL,'cdc70@qq.com','http://badidol.com/uploads/images/avatars/201910/24/18_1571921832_HG9E55x9NY.jpg',NULL,1,'2020-03-09 02:08:57','2020-03-09 02:08:57',NULL,'d4bc0c6f-7f09-4209-a726-1024a0746cd8',1,'635a5225f7259af87e6aaf8eae995feb','2020-03-09'),(97,'00f2d9',NULL,'aa2a1@qq.com','http://badidol.com/uploads/images/avatars/201910/24/18_1571921832_HG9E55x9NY.jpg',NULL,1,'2020-03-09 02:08:58','2020-03-09 02:08:58',NULL,'0216e676-636f-4bfa-99f0-25eb22914f7f',1,'26f79165456125fb068a9f0182a4edc3','2020-03-09'),(98,'0aee3e',NULL,'e2ad0@qq.com','http://badidol.com/uploads/images/avatars/201910/24/18_1571921832_HG9E55x9NY.jpg',NULL,1,'2020-03-09 02:08:58','2020-03-09 02:08:58',NULL,'bac524d1-8dd7-41ec-8033-ac78d7dd7b71',1,'d51fc9d2a0b1a3bae488a8c4e4ba5e16','2020-03-09'),(99,'ab3cc7',NULL,'c5b5f@qq.com','http://badidol.com/uploads/images/avatars/201910/24/18_1571921832_HG9E55x9NY.jpg',NULL,1,'2020-03-09 02:08:58','2020-03-09 02:08:58',NULL,'33423234-799a-4fe3-bb53-ce1e613fb17a',1,'8319596013fc6cbe29f2c03b33168f72','2020-03-09'),(100,'b8c39d',NULL,'9e259@qq.com','http://badidol.com/uploads/images/avatars/201910/24/18_1571921832_HG9E55x9NY.jpg',NULL,1,'2020-03-09 02:08:58','2020-03-09 02:08:58',NULL,'6a54d7a7-fd8b-479d-9297-e4704f07aef6',1,'2dd394b5d3a53aac040e0bbffc158721','2020-03-09'),(101,'2c4ad3',NULL,'8c896@qq.com','http://badidol.com/uploads/images/avatars/201910/24/18_1571921832_HG9E55x9NY.jpg',NULL,1,'2020-03-09 02:08:58','2020-03-09 02:08:58',NULL,'32c77485-445e-43a3-8314-2b55779bc655',1,'537f71c48e00d613c4623c53c4e8006d','2020-03-09'),(102,'a33a05',NULL,'12677@qq.com','http://badidol.com/uploads/images/avatars/201910/24/18_1571921832_HG9E55x9NY.jpg',NULL,1,'2020-03-09 02:08:58','2020-03-09 02:08:58',NULL,'296f5a9a-d0f9-4b3a-9d8d-877376244fb8',1,'26bb804ab0bacc465cb54c59ef869c71','2020-03-09'),(103,'0cc7c1',NULL,'cd5f0@qq.com','http://badidol.com/uploads/images/avatars/201910/24/18_1571921832_HG9E55x9NY.jpg',NULL,1,'2020-03-09 02:08:58','2020-03-09 02:08:58',NULL,'ef5e43a2-098c-42fd-b85f-3f3dd7b9e7ce',1,'4dfb7b0c704c4b43957b09c065e8bb63','2020-03-09'),(104,'cfa4e4',NULL,'b9191@qq.com','http://badidol.com/uploads/images/avatars/201910/24/18_1571921832_HG9E55x9NY.jpg',NULL,1,'2020-03-09 02:08:58','2020-03-09 02:08:58',NULL,'96d6eaf3-96fb-4989-80ee-718bfe3a328d',1,'1b655c6ad3e4c166eaff7a29d0dbf137','2020-03-09'),(105,'5b1ec3',NULL,'a4a6b@qq.com','http://badidol.com/uploads/images/avatars/201910/24/18_1571921832_HG9E55x9NY.jpg',NULL,0,'2020-03-09 02:08:58','2020-03-09 02:08:58',NULL,'596b3f43-7a18-4861-8ae2-7c78943099ff',1,'6fd3e3b45d4c6a835bd00e6a2353fe3c','2020-03-09'),(106,'d413c1',NULL,'7fc22@qq.com','http://badidol.com/uploads/images/avatars/201910/24/18_1571921832_HG9E55x9NY.jpg',NULL,1,'2020-03-09 02:08:58','2020-03-09 02:08:58',NULL,'85d51298-92c0-4175-bf10-75714fd7d484',1,'97c3f1b06e60d443f679a223f8114ea6','2020-03-09'),(107,'003f2b',NULL,'c70f2@qq.com','http://badidol.com/uploads/images/avatars/201910/24/18_1571921832_HG9E55x9NY.jpg',NULL,0,'2020-03-09 02:08:58','2020-03-09 02:08:58',NULL,'609e2529-d540-4d47-82ed-128364d13d18',1,'84aa6a5777edeb9246ec9ba8691e93d9','2020-03-09'),(108,'480241',NULL,'be7c4@qq.com','http://badidol.com/uploads/images/avatars/201910/24/18_1571921832_HG9E55x9NY.jpg',NULL,1,'2020-03-09 02:08:58','2020-03-09 02:08:58',NULL,'f965efb9-dfbe-40fa-806a-4d5fc867a2f4',1,'68858cf808f8e5d8e88b3c232e596419','2020-03-09'),(109,'e070f8',NULL,'ad982@qq.com','http://badidol.com/uploads/images/avatars/201910/24/18_1571921832_HG9E55x9NY.jpg',NULL,1,'2020-03-09 02:08:58','2020-03-09 02:08:58',NULL,'b393c78d-1e73-46d4-aafe-4f4451eb6a34',1,'cc871a434dacd26416f079eb0cd57d7e','2020-03-09'),(110,'98ec73',NULL,'ef7a1@qq.com','http://badidol.com/uploads/images/avatars/201910/24/18_1571921832_HG9E55x9NY.jpg',NULL,1,'2020-03-09 02:08:58','2020-03-09 02:08:58',NULL,'437750f1-2bcf-44fa-b328-022fb270a61e',1,'b3c55b7b85a03d91481c4f62afd6ff79','2020-03-09'),(111,'f280c9',NULL,'7d496@qq.com','http://badidol.com/uploads/images/avatars/201910/24/18_1571921832_HG9E55x9NY.jpg',NULL,1,'2020-03-09 02:08:58','2020-03-09 02:08:58',NULL,'8e364a9e-008a-4f0b-9e01-797c9645f2a3',1,'052b758f6e0ffd7ec28ebfecceb1a9c3','2020-03-09'),(112,'cce680',NULL,'517a4@qq.com','http://badidol.com/uploads/images/avatars/201910/24/18_1571921832_HG9E55x9NY.jpg',NULL,0,'2020-03-09 02:08:59','2020-03-09 02:08:59',NULL,'9f94ff1e-2fde-4017-a445-d00ec0fe8069',1,'6c7953179599158f302042209dcff8f2','2020-03-09'),(113,'b4328f',NULL,'128e6@qq.com','http://badidol.com/uploads/images/avatars/201910/24/18_1571921832_HG9E55x9NY.jpg',NULL,1,'2020-03-09 02:08:59','2020-03-09 02:08:59',NULL,'6a563765-ee32-4263-a52e-689ecd980957',1,'a650cc2995f2285ee6a022d115e70a28','2020-03-09'),(114,'b11bf8',NULL,'e7f0a@qq.com','http://badidol.com/uploads/images/avatars/201910/24/18_1571921832_HG9E55x9NY.jpg',NULL,0,'2020-03-09 02:08:59','2020-03-09 02:08:59',NULL,'641c375b-c2ba-453e-87f9-86690867cb8c',1,'a03783cf4552fb976af567a63cb2ea85','2020-03-09'),(115,'077649',NULL,'dd188@qq.com','http://badidol.com/uploads/images/avatars/201910/24/18_1571921832_HG9E55x9NY.jpg',NULL,1,'2020-03-09 02:08:59','2020-03-09 02:08:59',NULL,'89afca28-51c1-4b88-b9eb-2985d8fcbfdb',1,'acd5d843118a020fb8a9e59753126898','2020-03-09'),(116,'55a299',NULL,'4e6d5@qq.com','http://badidol.com/uploads/images/avatars/201910/24/18_1571921832_HG9E55x9NY.jpg',NULL,1,'2020-03-09 02:08:59','2020-03-09 02:08:59',NULL,'76e76bb8-8942-4835-947a-788870adb813',1,'cd0f7116bc1bc3abce1fb0a34a60f0f6','2020-03-09'),(117,'245705',NULL,'adfba@qq.com','http://badidol.com/uploads/images/avatars/201910/24/18_1571921832_HG9E55x9NY.jpg',NULL,1,'2020-03-09 02:08:59','2020-03-09 02:08:59',NULL,'4366355f-aaf7-4ae2-9cac-3fe5c2010b7f',1,'fa02e2d5eb0fece583c66a059caeff7b','2020-03-09'),(118,'5d8f22',NULL,'deb9c@qq.com','http://badidol.com/uploads/images/avatars/201910/24/18_1571921832_HG9E55x9NY.jpg',NULL,0,'2020-03-09 02:08:59','2020-03-09 02:08:59',NULL,'db3479a4-d6b6-47be-beb7-d0c8d4aa8f46',1,'1023b75372c2de61e76545adc2d34307','2020-03-09'),(119,'d0ff21',NULL,'b2c9f@qq.com','http://badidol.com/uploads/images/avatars/201910/24/18_1571921832_HG9E55x9NY.jpg',NULL,1,'2020-03-09 02:08:59','2020-03-09 02:08:59',NULL,'295be040-bcd0-4809-a66e-2dc0d846fe7d',1,'ab071ac26d0324f494344d31effe3867','2020-03-09'),(120,'7b3fe5',NULL,'214bb@qq.com','http://badidol.com/uploads/images/avatars/201910/24/18_1571921832_HG9E55x9NY.jpg',NULL,1,'2020-03-09 02:08:59','2020-03-09 02:08:59',NULL,'3ec4354a-a2c4-4221-8122-b36e069350c6',1,'561e77e1c02cd1089c3bfa5b244a68af','2020-03-09'),(121,'401378',NULL,'d21b4@qq.com','http://badidol.com/uploads/images/avatars/201910/24/18_1571921832_HG9E55x9NY.jpg',NULL,1,'2020-03-09 02:08:59','2020-03-09 02:08:59',NULL,'644963b8-cb61-4630-bc00-b0247c9264b6',1,'fb7c8c3b7c552f8b5f712bfe1a98cdd8','2020-03-09'),(122,'983279',NULL,'3d680@qq.com','http://badidol.com/uploads/images/avatars/201910/24/18_1571921832_HG9E55x9NY.jpg',NULL,1,'2020-03-09 02:08:59','2020-03-09 02:08:59',NULL,'deeff240-81f8-4833-b047-2c1bb3d4bdb6',1,'157f8243aad225d75895055e18528d35','2020-03-09'),(123,'ad96c3',NULL,'40e2f@qq.com','http://badidol.com/uploads/images/avatars/201910/24/18_1571921832_HG9E55x9NY.jpg',NULL,1,'2020-03-09 02:08:59','2020-03-09 02:08:59',NULL,'5946627b-e684-4267-9a2f-57f9399ad803',1,'45e33362a0df93310be52c912a63d138','2020-03-09'),(124,'d03c7d',NULL,'6dde1@qq.com','http://badidol.com/uploads/images/avatars/201910/24/18_1571921832_HG9E55x9NY.jpg',NULL,1,'2020-03-09 02:08:59','2020-03-09 02:08:59',NULL,'3edaead9-275f-4fc2-a2d3-0a2dfd6f7b0b',1,'444dfa242b30dbec35110730c145a955','2020-03-09'),(125,'c50b91',NULL,'aa163@qq.com','http://badidol.com/uploads/images/avatars/201910/24/18_1571921832_HG9E55x9NY.jpg',NULL,1,'2020-03-09 02:08:59','2020-03-09 02:08:59',NULL,'aebe7ec2-63dd-4a44-863e-4b2ef02873dd',1,'808087cd1a083518eaf66818a9a6ed19','2020-03-09'),(126,'480bc4',NULL,'db6a4@qq.com','http://badidol.com/uploads/images/avatars/201910/24/18_1571921832_HG9E55x9NY.jpg',NULL,0,'2020-03-09 02:08:59','2020-03-09 02:08:59',NULL,'86888065-10a4-4169-b3e9-c894cf5d0e62',1,'04bf244726d70a67dacf03918f45d768','2020-03-09'),(127,'358a56',NULL,'829d0@qq.com','http://badidol.com/uploads/images/avatars/201910/24/18_1571921832_HG9E55x9NY.jpg',NULL,1,'2020-03-09 02:08:59','2020-03-09 02:08:59',NULL,'5abd53db-9b85-4bad-9d43-994ee303cd94',1,'34952fe64965b2b2dd39b1dcb580ce8f','2020-03-09'),(128,'d27438',NULL,'61d2a@qq.com','http://badidol.com/uploads/images/avatars/201910/24/18_1571921832_HG9E55x9NY.jpg',NULL,0,'2020-03-09 02:08:59','2020-03-09 02:08:59',NULL,'5e3cab06-1514-4743-8b3b-6d62114e7c71',1,'450328064b64f50f6cf5b69c7fc01c5f','2020-03-09'),(129,'1b7339',NULL,'12e01@qq.com','http://badidol.com/uploads/images/avatars/201910/24/18_1571921832_HG9E55x9NY.jpg',NULL,1,'2020-03-09 02:08:59','2020-03-09 02:08:59',NULL,'9d608dce-e845-4c56-bda9-6135363f64a8',1,'77d65f76f425b6580a92376d506de333','2020-03-09'),(130,'8a5afc',NULL,'e4ad7@qq.com','http://badidol.com/uploads/images/avatars/201910/24/18_1571921832_HG9E55x9NY.jpg',NULL,1,'2020-03-09 02:09:00','2020-03-09 02:09:00',NULL,'a4bfce2b-7f79-4c8d-8e69-1cdfe490884b',1,'d1684b5c966f1f12b19c4028f9c599f3','2020-03-09'),(131,'78f7ce',NULL,'691a3@qq.com','http://badidol.com/uploads/images/avatars/201910/24/18_1571921832_HG9E55x9NY.jpg',NULL,1,'2020-03-09 02:09:00','2020-03-09 02:09:00',NULL,'84940ace-aae5-4bce-bdf0-797503980cb0',1,'af527ae2167fc88b103f02584392a3f7','2020-03-09'),(132,'f5013b',NULL,'ce8d4@qq.com','http://badidol.com/uploads/images/avatars/201910/24/18_1571921832_HG9E55x9NY.jpg',NULL,1,'2020-03-09 02:09:00','2020-03-09 02:09:00',NULL,'8a08560c-2d7e-44dd-adeb-2e23dbc265d5',1,'901bdb83bbd304ab9cb1faf8aa1e104c','2020-03-09'),(133,'333c93','xixixixi','ac879@qq.com','http://badidol.com/uploads/images/avatars/201910/24/18_1571921832_HG9E55x9NY.jpg','15217454741',1,'2020-03-09 02:09:00','2020-03-11 01:30:33',0,'6470d76d-f7fd-43dc-9512-2b3af113b861',1,'08c405fb4a30b3d23f191c59cbe9ce5d','2020-03-09'),(134,'0ad14c','111111e','47dde@qq.com','http://badidol.com/uploads/images/avatars/201910/24/18_1571921832_HG9E55x9NY.jpg','13426521241',0,'2020-03-09 02:09:00','2020-03-11 01:30:29',1,'fc431fb5-0c11-4bbe-8dc6-536b3b168964',1,'f629ddfbdcfae8b5231a37c2b1897a0a','2020-03-09'),(135,'a11233',NULL,'73f26@qq.com','http://badidol.com/uploads/images/avatars/201910/24/18_1571921832_HG9E55x9NY.jpg',NULL,1,'2020-03-09 02:09:00','2020-03-09 02:09:00',NULL,'adcb9723-98b5-4410-9e7f-2da7457e8ec0',1,'6bcfb623e7ef643c61674ce008847fae','2020-03-09'),(136,'f1ba92',NULL,'7260e@qq.com','http://badidol.com/uploads/images/avatars/201910/24/18_1571921832_HG9E55x9NY.jpg',NULL,1,'2020-03-09 02:09:00','2020-03-09 02:09:00',NULL,'2bc42f7f-a96d-425b-98a7-916646def1a4',1,'be7ecc92a11c3e9d6f01d67d7150e0bd','2020-03-09'),(137,'d85408',NULL,'040ed@qq.com','http://badidol.com/uploads/images/avatars/201910/24/18_1571921832_HG9E55x9NY.jpg',NULL,1,'2020-03-09 02:09:00','2020-03-09 02:09:00',NULL,'e51ea121-63c4-44ae-a005-ea4912f5e463',1,'ad0b8e0545924a917285e0b7e1084aa6','2020-03-09'),(138,'3a8c12',NULL,'5d71f@qq.com','http://badidol.com/uploads/images/avatars/201910/24/18_1571921832_HG9E55x9NY.jpg',NULL,1,'2020-03-09 02:09:00','2020-03-09 02:09:00',NULL,'26eb1d33-85bf-47bf-be70-a316cc41bfbb',1,'2953352d93a6fc69f3c2092a7aea6994','2020-03-09'),(140,'e42e02',NULL,'ca931@qq.com','http://badidol.com/uploads/images/avatars/201910/24/18_1571921832_HG9E55x9NY.jpg',NULL,1,'2020-03-09 02:09:00','2020-03-09 02:09:00',NULL,'e6c93320-54ae-4a89-8235-68086e05f20c',1,'f6ad3623b2b80ab63e876a163211fd53','2020-03-09'),(143,'71a327','xzzzz','62c14@qq.com','http://badidol.com/uploads/images/avatars/201910/24/18_1571921832_HG9E55x9NY.jpg','15079487585',1,'2020-03-09 02:09:00','2020-03-16 13:11:31',1,'cd9dd9d7-a369-4018-80d2-dbd727033e9a',1,'3db7d3268e883452af1a889c0fd0fa2b','2020-03-09'),(146,'61a9e8','123456','391e1@qq.com','http://badidol.com/uploads/images/avatars/201910/24/18_1571921832_HG9E55x9NY.jpg','15078451241',1,'2020-03-09 02:09:00','2020-03-09 03:53:49',1,'0656f059-f957-498b-8920-3e8f20be1571',1,'d67d9ec53ed783270ddc33c289c40696','2020-03-09'),(149,'1fffc0','78451','22b34@qq.com','http://badidol.com/uploads/images/avatars/201910/24/18_1571921832_HG9E55x9NY.jpg','15214124178',1,'2020-03-09 02:09:00','2020-03-09 03:54:02',1,'b7b971ab-c424-4f2e-a787-7985c72253ba',1,'b5b71c6a9db10c3d8c1b7d125e45b83a','2020-03-09'),(180,'tester','testfesa','fasdfasdf@qq.com','http://badidol.com/uploads/images/avatars/201910/24/18_1571921832_HG9E55x9NY.jpg','15265451241',1,'2020-03-09 03:25:03','2020-03-09 03:25:03',1,'46b6f678-570d-42a0-9841-241ecb29',1,'71633f62c14d9776099f42ace88b4a9a','2020-03-16'),(181,'小白兔~~','fdsaf','3021211@qq.com','http://badidol.com/uploads/images/avatars/201910/24/18_1571921832_HG9E55x9NY.jpg','15278451425',1,'2020-03-09 03:50:23','2020-03-09 03:50:32',0,'343b600c-b384-4649-ae9c-6faf5022',1,'a0665e39cf5e7e7ed8f578fc2432352f','2020-03-02'),(182,'test','testman','123456@qq.com','http://badidol.com/uploads/images/avatars/201910/24/18_1571921832_HG9E55x9NY.jpg','13426528317',1,'2020-03-11 02:41:06','2020-03-11 02:41:06',1,'90e820b5-eee2-4f06-b842-98fffe0b',1,'0c0349bd702e6aeb2483bcbd3b7707ad','2020-03-26'),(183,'cesicesi','nicknamefd','30512141214@qq.com','http://badidol.com/uploads/images/avatars/201910/24/18_1571921832_HG9E55x9NY.jpg','13426524512',1,'2020-03-14 05:02:52','2020-03-14 05:02:52',1,'2a8e7b62-193a-4696-bf7f-01b1866b',1,'cf55bb2194bbba2539d67b8312a76e94','2020-03-10'),(184,'系统测试人员','Sys-Test','3053161401@qq.com','http://badidol.com/uploads/images/avatars/201910/24/18_1571921832_HG9E55x9NY.jpg','15079454152',1,'2020-03-21 02:07:32','2020-03-21 02:07:32',1,'3d66cd24-01ae-4832-93e3-fea557b2',1,'73ab4f4590d4ffb7a4404a46387dcb9e','2020-03-19');
/*!40000 ALTER TABLE `tb_user` ENABLE KEYS */;
UNLOCK TABLES;

--
-- Table structure for table `tb_user_role`
--

DROP TABLE IF EXISTS `tb_user_role`;
/*!40101 SET @saved_cs_client     = @@character_set_client */;
/*!50503 SET character_set_client = utf8mb4 */;
CREATE TABLE `tb_user_role` (
  `user_id` bigint(20) NOT NULL COMMENT '用户ID',
  `role_id` bigint(20) NOT NULL COMMENT '角色ID'
) ENGINE=InnoDB DEFAULT CHARSET=utf8 ROW_FORMAT=DYNAMIC COMMENT='用户角色关联表';
/*!40101 SET character_set_client = @saved_cs_client */;

--
-- Dumping data for table `tb_user_role`
--

LOCK TABLES `tb_user_role` WRITE;
/*!40000 ALTER TABLE `tb_user_role` DISABLE KEYS */;
INSERT INTO `tb_user_role` VALUES (182,138),(3,140),(5,140),(54,140),(6,140),(71,140),(67,140),(72,140),(146,127),(181,77),(184,138),(2,140),(79,141);
/*!40000 ALTER TABLE `tb_user_role` ENABLE KEYS */;
UNLOCK TABLES;
/*!40103 SET TIME_ZONE=@OLD_TIME_ZONE */;

/*!40101 SET SQL_MODE=@OLD_SQL_MODE */;
/*!40014 SET FOREIGN_KEY_CHECKS=@OLD_FOREIGN_KEY_CHECKS */;
/*!40014 SET UNIQUE_CHECKS=@OLD_UNIQUE_CHECKS */;
/*!40101 SET CHARACTER_SET_CLIENT=@OLD_CHARACTER_SET_CLIENT */;
/*!40101 SET CHARACTER_SET_RESULTS=@OLD_CHARACTER_SET_RESULTS */;
/*!40101 SET COLLATION_CONNECTION=@OLD_COLLATION_CONNECTION */;
/*!40111 SET SQL_NOTES=@OLD_SQL_NOTES */;

-- Dump completed on 2020-03-27 20:59:01
